0.000100 0.000000 0.000000,0.002200 0.000000 0.000000,0.004300 0.000000 0.000000,0.006400 0.000000 0.000000,0.008500 0.000000 0.000000,0.010600 0.000000 0.000000,0.012700 0.000000 0.000000,0.014800 0.000000 0.000000,0.016900 0.000000 0.000000,0.019000 0.000000 0.000000,0.021100 0.000000 0.000000,0.023200 0.000000 0.000000,0.025300 0.000000 0.000000,0.027400 0.000000 0.000000,0.029500 0.000000 0.000000,0.031600 0.000000 0.000000,0.033700 0.000000 0.000000,0.035800 0.000000 0.000000,0.037900 0.000000 0.000000,0.040000 0.000000 0.000000,0.042100 0.000000 0.000000,0.044200 0.000000 0.000000,0.046300 0.000000 0.000000,0.048400 0.000000 0.000000,0.050500 0.000000 0.000000,0.052600 0.000000 0.000000,0.054700 0.000000 0.000000,0.056800 0.000000 0.000000,0.058900 0.000000 0.000000,0.060100 0.000000 0.000000,
0.000100 0.000000 0.000000,0.002198 0.000072 0.000000,0.004289 0.000270 0.000000,0.006364 0.000593 0.000000,0.008415 0.001039 0.000000,0.010436 0.001608 0.000000,0.012420 0.002297 0.000000,0.014358 0.003103 0.000000,0.016245 0.004025 0.000000,0.018073 0.005058 0.000000,0.019836 0.006198 0.000000,0.021527 0.007442 0.000000,0.023141 0.008786 0.000000,0.024671 0.010224 0.000000,0.026112 0.011751 0.000000,0.027459 0.013361 0.000000,0.028707 0.015050 0.000000,0.029852 0.016810 0.000000,0.030889 0.018636 0.000000,0.031815 0.020521 0.000000,0.032625 0.022457 0.000000,0.033319 0.024439 0.000000,0.033892 0.026459 0.000000,0.034343 0.028510 0.000000,0.034670 0.030584 0.000000,0.034873 0.032674 0.000000,0.034949 0.034772 0.000000,0.034900 0.036871 0.000000,0.034725 0.038964 0.000000,0.034569 0.040153 0.000000,
0.000100 0.000001 0.000000,0.002194 0.000144 0.000000,0.004255 0.000538 0.000000,0.006255 0.001175 0.000000,0.008164 0.002047 0.000000,0.009955 0.003142 0.000000,0.011602 0.004443 0.000000,0.013081 0.005931 0.000000,0.014371 0.007587 0.000000,0.015454 0.009384 0.000000,0.016314 0.011299 0.000000,0.016939 0.013302 0.000000,0.017319 0.015366 0.000000,0.017450 0.017461 0.000000,0.017329 0.019556 0.000000,0.016958 0.021622 0.000000,0.016342 0.023628 0.000000,0.015490 0.025547 0.000000,0.014415 0.027349 0.000000,0.013132 0.029010 0.000000,0.011660 0.030505 0.000000,0.010018 0.031813 0.000000,0.008233 0.032916 0.000000,0.006328 0.033797 0.000000,0.004331 0.034443 0.000000,0.002271 0.034845 0.000000,0.000178 0.034998 0.000000,-0.001919 0.034900 0.000000,-0.003988 0.034551 0.000000,-0.005147 0.034241 0.000000,
0.000100 0.000001 0.000000,0.002186 0.000216 0.000000,0.004200 0.000802 0.000000,0.006076 0.001738 0.000000,0.007755 0.002995 0.000000,0.009181 0.004533 0.000000,0.010309 0.006300 0.000000,0.011103 0.008242 0.000000,0.011536 0.010294 0.000000,0.011594 0.012390 0.000000,0.011277 0.014463 0.000000,0.010593 0.016446 0.000000,0.009565 0.018274 0.000000,0.008227 0.019889 0.000000,0.006621 0.021238 0.000000,0.004800 0.022277 0.000000,0.002822 0.022974 0.000000,0.000751 0.023306 0.000000,-0.001345 0.023261 0.000000,-0.003400 0.022842 0.000000,-0.005347 0.022062 0.000000,-0.007122 0.020945 0.000000,-0.008669 0.019529 0.000000,-0.009938 0.017859 0.000000,-0.010886 0.015989 0.000000,-0.011485 0.013979 0.000000,-0.011714 0.011894 0.000000,-0.011567 0.009802 0.000000,-0.011047 0.007771 0.000000,-0.010589 0.006662 0.000000,
0.000100 0.000001 0.000000,0.002175 0.000288 0.000000,0.004123 0.001059 0.000000,0.005832 0.002271 0.000000,0.007203 0.003855 0.000000,0.008159 0.005720 0.000000,0.008644 0.007758 0.000000,0.008630 0.009853 0.000000,0.008119 0.011884 0.000000,0.007140 0.013736 0.000000,0.005749 0.015303 0.000000,0.004025 0.016493 0.000000,0.002068 0.017240 0.000000,-0.000011 0.017500 0.000000,-0.002092 0.017258 0.000000,-0.004056 0.016529 0.000000,-0.005790 0.015354 0.000000,-0.007196 0.013800 0.000000,-0.008191 0.011957 0.000000,-0.008720 0.009930 0.000000,-0.008752 0.007835 0.000000,-0.008285 0.005793 0.000000,-0.007346 0.003920 0.000000,-0.005989 0.002324 0.000000,-0.004291 0.001097 0.000000,-0.002351 0.000308 0.000000,-0.000278 0.000003 0.000000,0.001808 0.000199 0.000000,0.003787 0.000886 0.000000,0.004826 0.001484 0.000000,
0.000100 0.000001 0.000000,0.002161 0.000358 0.000000,0.004025 0.001308 0.000000,0.005525 0.002767 0.000000,0.006527 0.004604 0.000000,0.006942 0.006654 0.000000,0.006731 0.008736 0.000000,0.005915 0.010662 0.000000,0.004567 0.012262 0.000000,0.002805 0.013391 0.000000,0.000789 0.013949 0.000000,-0.001302 0.013887 0.000000,-0.003281 0.013209 0.000000,-0.004972 0.011977 0.000000,-0.006223 0.010300 0.000000,-0.006923 0.008329 0.000000,-0.007008 0.006238 0.000000,-0.006473 0.004216 0.000000,-0.005363 0.002442 0.000000,-0.003779 0.001076 0.000000,-0.001861 0.000238 0.000000,0.000218 0.000005 0.000000,0.002273 0.000396 0.000000,0.004121 0.001378 0.000000,0.005596 0.002861 0.000000,0.006567 0.004715 0.000000,0.006946 0.006772 0.000000,0.006701 0.008850 0.000000,0.005853 0.010762 0.000000,0.005125 0.011714 0.000000,
0.000100 0.000002 0.000000,0.002145 0.000428 0.000000,0.003908 0.001548 0.000000,0.005164 0.003217 0.000000,0.005751 0.005221 0.000000,0.005595 0.007304 0.000000,0.004715 0.009198 0.000000,0.003224 0.010661 0.000000,0.001313 0.011505 0.000000,-0.000772 0.011622 0.000000,-0.002765 0.010996 0.000000,-0.004410 0.009709 0.000000,-0.005496 0.007925 0.000000,-0.005883 0.005872 0.000000,-0.005523 0.003815 0.000000,-0.004461 0.002016 0.000000,-0.002834 0.000707 0.000000,-0.000849 0.000055 0.000000,0.001237 0.000144 0.000000,0.003159 0.000962 0.000000,0.004669 0.002405 0.000000,0.005575 0.004287 0.000000,0.005759 0.006368 0.000000,0.005198 0.008380 0.000000,0.003965 0.010065 0.000000,0.002217 0.011208 0.000000,0.000178 0.011662 0.000000,-0.001890 0.011369 0.000000,-0.003722 0.010366 0.000000,-0.004571 0.009520 0.000000,
0.000100 0.000002 0.000000,0.002125 0.000498 0.000000,0.003772 0.001776 0.000000,0.004754 0.003614 0.000000,0.004902 0.005694 0.000000,0.004188 0.007652 0.000000,0.002738 0.009150 0.000000,0.000804 0.009926 0.000000,-0.001279 0.009846 0.000000,-0.003149 0.008924 0.000000,-0.004480 0.007319 0.000000,-0.005040 0.005312 0.000000,-0.004734 0.003250 0.000000,-0.003613 0.001492 0.000000,-0.001873 0.000344 0.000000,0.000184 0.000005 0.000000,0.002200 0.000535 0.000000,0.003825 0.001840 0.000000,0.004777 0.003695 0.000000,0.004889 0.005777 0.000000,0.004143 0.007723 0.000000,0.002668 0.009196 0.000000,0.000721 0.009940 0.000000,-0.001361 0.009825 0.000000,-0.003214 0.008871 0.000000,-0.004518 0.007245 0.000000,-0.005045 0.005228 0.000000,-0.004704 0.003171 0.000000,-0.003554 0.001432 0.000000,-0.002605 0.000702 0.000000,
0.000100 -0.000000 0.000000,0.002198 -0.000072 0.000000,0.004289 -0.000270 0.000000,0.006364 -0.000593 0.000000,0.008415 -0.001039 0.000000,0.010436 -0.001608 0.000000,0.012420 -0.002297 0.000000,0.014358 -0.003103 0.000000,0.016245 -0.004025 0.000000,0.018073 -0.005058 0.000000,0.019836 -0.006198 0.000000,0.021527 -0.007442 0.000000,0.023141 -0.008786 0.000000,0.024671 -0.010224 0.000000,0.026112 -0.011751 0.000000,0.027459 -0.013361 0.000000,0.028707 -0.015050 0.000000,0.029852 -0.016810 0.000000,0.030889 -0.018636 0.000000,0.031815 -0.020521 0.000000,0.032625 -0.022457 0.000000,0.033319 -0.024439 0.000000,0.033892 -0.026459 0.000000,0.034343 -0.028510 0.000000,0.034670 -0.030584 0.000000,0.034873 -0.032674 0.000000,0.034949 -0.034772 0.000000,0.034900 -0.036871 0.000000,0.034725 -0.038964 0.000000,0.034569 -0.040153 0.000000,
0.000100 -0.000001 0.000000,0.002194 -0.000144 0.000000,0.004255 -0.000538 0.000000,0.006255 -0.001175 0.000000,0.008164 -0.002047 0.000000,0.009955 -0.003142 0.000000,0.011602 -0.004443 0.000000,0.013081 -0.005931 0.000000,0.014371 -0.007587 0.000000,0.015454 -0.009384 0.000000,0.016314 -0.011299 0.000000,0.016939 -0.013302 0.000000,0.017319 -0.015366 0.000000,0.017450 -0.017461 0.000000,0.017329 -0.019556 0.000000,0.016958 -0.021622 0.000000,0.016342 -0.023628 0.000000,0.015490 -0.025547 0.000000,0.014415 -0.027349 0.000000,0.013132 -0.029010 0.000000,0.011660 -0.030505 0.000000,0.010018 -0.031813 0.000000,0.008233 -0.032916 0.000000,0.006328 -0.033797 0.000000,0.004331 -0.034443 0.000000,0.002271 -0.034845 0.000000,0.000178 -0.034998 0.000000,-0.001919 -0.034900 0.000000,-0.003988 -0.034551 0.000000,-0.005147 -0.034241 0.000000,
0.000100 -0.000001 0.000000,0.002186 -0.000216 0.000000,0.004200 -0.000802 0.000000,0.006076 -0.001738 0.000000,0.007755 -0.002995 0.000000,0.009181 -0.004533 0.000000,0.010309 -0.006300 0.000000,0.011103 -0.008242 0.000000,0.011536 -0.010294 0.000000,0.011594 -0.012390 0.000000,0.011277 -0.014463 0.000000,0.010593 -0.016446 0.000000,0.009565 -0.018274 0.000000,0.008227 -0.019889 0.000000,0.006621 -0.021238 0.000000,0.004800 -0.022277 0.000000,0.002822 -0.022974 0.000000,0.000751 -0.023306 0.000000,-0.001345 -0.023261 0.000000,-0.003400 -0.022842 0.000000,-0.005347 -0.022062 0.000000,-0.007122 -0.020945 0.000000,-0.008669 -0.019529 0.000000,-0.009938 -0.017859 0.000000,-0.010886 -0.015989 0.000000,-0.011485 -0.013979 0.000000,-0.011714 -0.011894 0.000000,-0.011567 -0.009802 0.000000,-0.011047 -0.007771 0.000000,-0.010589 -0.006662 0.000000,
0.000100 -0.000001 0.000000,0.002175 -0.000288 0.000000,0.004123 -0.001059 0.000000,0.005832 -0.002271 0.000000,0.007203 -0.003855 0.000000,0.008159 -0.005720 0.000000,0.008644 -0.007758 0.000000,0.008630 -0.009853 0.000000,0.008119 -0.011884 0.000000,0.007140 -0.013736 0.000000,0.005749 -0.015303 0.000000,0.004025 -0.016493 0.000000,0.002068 -0.017240 0.000000,-0.000011 -0.017500 0.000000,-0.002092 -0.017258 0.000000,-0.004056 -0.016529 0.000000,-0.005790 -0.015354 0.000000,-0.007196 -0.013800 0.000000,-0.008191 -0.011957 0.000000,-0.008720 -0.009930 0.000000,-0.008752 -0.007835 0.000000,-0.008285 -0.005793 0.000000,-0.007346 -0.003920 0.000000,-0.005989 -0.002324 0.000000,-0.004291 -0.001097 0.000000,-0.002351 -0.000308 0.000000,-0.000278 -0.000003 0.000000,0.001808 -0.000199 0.000000,0.003787 -0.000886 0.000000,0.004826 -0.001484 0.000000,
0.000100 -0.000001 0.000000,0.002161 -0.000358 0.000000,0.004025 -0.001308 0.000000,0.005525 -0.002767 0.000000,0.006527 -0.004604 0.000000,0.006942 -0.006654 0.000000,0.006731 -0.008736 0.000000,0.005915 -0.010662 0.000000,0.004567 -0.012262 0.000000,0.002805 -0.013391 0.000000,0.000789 -0.013949 0.000000,-0.001302 -0.013887 0.000000,-0.003281 -0.013209 0.000000,-0.004972 -0.011977 0.000000,-0.006223 -0.010300 0.000000,-0.006923 -0.008329 0.000000,-0.007008 -0.006238 0.000000,-0.006473 -0.004216 0.000000,-0.005363 -0.002442 0.000000,-0.003779 -0.001076 0.000000,-0.001861 -0.000238 0.000000,0.000218 -0.000005 0.000000,0.002273 -0.000396 0.000000,0.004121 -0.001378 0.000000,0.005596 -0.002861 0.000000,0.006567 -0.004715 0.000000,0.006946 -0.006772 0.000000,0.006701 -0.008850 0.000000,0.005853 -0.010762 0.000000,0.005125 -0.011714 0.000000,
0.000100 -0.000002 0.000000,0.002145 -0.000428 0.000000,0.003908 -0.001548 0.000000,0.005164 -0.003217 0.000000,0.005751 -0.005221 0.000000,0.005595 -0.007304 0.000000,0.004715 -0.009198 0.000000,0.003224 -0.010661 0.000000,0.001313 -0.011505 0.000000,-0.000772 -0.011622 0.000000,-0.002765 -0.010996 0.000000,-0.004410 -0.009709 0.000000,-0.005496 -0.007925 0.000000,-0.005883 -0.005872 0.000000,-0.005523 -0.003815 0.000000,-0.004461 -0.002016 0.000000,-0.002834 -0.000707 0.000000,-0.000849 -0.000055 0.000000,0.001237 -0.000144 0.000000,0.003159 -0.000962 0.000000,0.004669 -0.002405 0.000000,0.005575 -0.004287 0.000000,0.005759 -0.006368 0.000000,0.005198 -0.008380 0.000000,0.003965 -0.010065 0.000000,0.002217 -0.011208 0.000000,0.000178 -0.011662 0.000000,-0.001890 -0.011369 0.000000,-0.003722 -0.010366 0.000000,-0.004571 -0.009520 0.000000,
0.000100 -0.000002 0.000000,0.002125 -0.000498 0.000000,0.003772 -0.001776 0.000000,0.004754 -0.003614 0.000000,0.004902 -0.005694 0.000000,0.004188 -0.007652 0.000000,0.002738 -0.009150 0.000000,0.000804 -0.009926 0.000000,-0.001279 -0.009846 0.000000,-0.003149 -0.008924 0.000000,-0.004480 -0.007319 0.000000,-0.005040 -0.005312 0.000000,-0.004734 -0.003250 0.000000,-0.003613 -0.001492 0.000000,-0.001873 -0.000344 0.000000,0.000184 -0.000005 0.000000,0.002200 -0.000535 0.000000,0.003825 -0.001840 0.000000,0.004777 -0.003695 0.000000,0.004889 -0.005777 0.000000,0.004143 -0.007723 0.000000,0.002668 -0.009196 0.000000,0.000721 -0.009940 0.000000,-0.001361 -0.009825 0.000000,-0.003214 -0.008871 0.000000,-0.004518 -0.007245 0.000000,-0.005045 -0.005228 0.000000,-0.004704 -0.003171 0.000000,-0.003554 -0.001432 0.000000,-0.002605 -0.000702 0.000000,
0.002583 0.000000 0.000000,0.056833 0.000000 0.000000,0.111083 0.000000 0.000000,0.165333 0.000000 0.000000,0.219583 0.000000 0.000000,0.273833 0.000000 0.000000,0.328083 0.000000 0.000000,0.382333 0.000000 0.000000,0.436583 0.000000 0.000000,0.490833 0.000000 0.000000,0.545083 0.000000 0.000000,0.599333 0.000000 0.000000,0.653583 0.000000 0.000000,0.707833 0.000000 0.000000,0.762083 0.000000 0.000000,0.816333 0.000000 0.000000,0.870583 0.000000 0.000000,0.924833 0.000000 0.000000,0.979083 0.000000 0.000000,1.033333 0.000000 0.000000,1.087583 0.000000 0.000000,1.141833 0.000000 0.000000,1.196083 0.000000 0.000000,1.250333 0.000000 0.000000,1.304583 0.000000 0.000000,1.358833 0.000000 0.000000,1.413083 0.000000 0.000000,1.467333 0.000000 0.000000,1.521583 0.000000 0.000000,1.552583 0.000000 0.000000,
0.002583 0.000007 0.000000,0.056793 0.001867 0.000000,0.110794 0.006973 0.000000,0.164392 0.015309 0.000000,0.217393 0.026843 0.000000,0.269607 0.041535 0.000000,0.320847 0.059332 0.000000,0.370927 0.080169 0.000000,0.419667 0.103971 0.000000,0.466892 0.130654 0.000000,0.512433 0.160120 0.000000,0.556124 0.192264 0.000000,0.597810 0.226969 0.000000,0.637339 0.264113 0.000000,0.674570 0.303559 0.000000,0.709369 0.345167 0.000000,0.741610 0.388787 0.000000,0.771177 0.434262 0.000000,0.797965 0.481428 0.000000,0.821875 0.530115 0.000000,0.842824 0.580149 0.000000,0.860734 0.631348 0.000000,0.875542 0.683530 0.000000,0.887195 0.736505 0.000000,0.895649 0.790084 0.000000,0.900876 0.844074 0.000000,0.902856 0.898279 0.000000,0.901582 0.952506 0.000000,0.897059 1.006559 0.000000,0.893021 1.037294 0.000000,
0.002583 0.000015 0.000000,0.056673 0.003730 0.000000,0.109930 0.013893 0.000000,0.161587 0.030359 0.000000,0.210901 0.052890 0.000000,0.257163 0.081163 0.000000,0.299708 0.114770 0.000000,0.337924 0.153229 0.000000,0.371260 0.195987 0.000000,0.399239 0.242427 0.000000,0.421457 0.291884 0.000000,0.437594 0.343644 0.000000,0.447420 0.396964 0.000000,0.450791 0.451076 0.000000,0.447660 0.505203 0.000000,0.438073 0.558566 0.000000,0.422166 0.610398 0.000000,0.400168 0.659952 0.000000,0.372396 0.706517 0.000000,0.339250 0.749422 0.000000,0.301206 0.788051 0.000000,0.258811 0.821848 0.000000,0.212675 0.850326 0.000000,0.163462 0.873076 0.000000,0.111879 0.889772 0.000000,0.058668 0.900172 0.000000,0.004595 0.904128 0.000000,-0.049563 0.901582 0.000000,-0.103026 0.892570 0.000000,-0.132968 0.884565 0.000000,
0.002583 0.000022 0.000000,0.056474 0.005585 0.000000,0.108498 0.020706 0.000000,0.156974 0.044896 0.000000,0.200337 0.077374 0.000000,0.237184 0.117091 0.000000,0.266326 0.162763 0.000000,0.286820 0.212914 0.000000,0.298004 0.265924 0.000000,0.299518 0.320080 0.000000,0.291311 0.373631 0.000000,0.273650 0.424849 0.000000,0.247105 0.472077 0.000000,0.212533 0.513789 0.000000,0.171052 0.548639 0.000000,0.124002 0.575499 0.000000,0.072904 0.593501 0.000000,0.019408 0.602065 0.000000,-0.034757 0.600913 0.000000,-0.087840 0.590083 0.000000,-0.138127 0.569924 0.000000,-0.183992 0.541088 0.000000,-0.223954 0.504506 0.000000,-0.256721 0.461362 0.000000,-0.281234 0.413048 0.000000,-0.296702 0.361126 0.000000,-0.302624 0.307273 0.000000,-0.298809 0.253231 0.000000,-0.285381 0.200744 0.000000,-0.273546 0.172107 0.000000,
0.002583 0.000030 0.000000,0.056195 0.007428 0.000000,0.106512 0.027359 0.000000,0.150649 0.058679 0.000000,0.186076 0.099592 0.000000,0.210762 0.147754 0.000000,0.223293 0.200404 0.000000,0.222949 0.254523 0.000000,0.209752 0.307009 0.000000,0.184456 0.354854 0.000000,0.148512 0.395315 0.000000,0.103981 0.426072 0.000000,0.053416 0.445362 0.000000,-0.000286 0.452080 0.000000,-0.054045 0.445840 0.000000,-0.104780 0.427001 0.000000,-0.149583 0.396641 0.000000,-0.185885 0.356502 0.000000,-0.211606 0.308884 0.000000,-0.225270 0.256518 0.000000,-0.226095 0.202404 0.000000,-0.214034 0.149645 0.000000,-0.189777 0.101265 0.000000,-0.154716 0.060038 0.000000,-0.110859 0.028326 0.000000,-0.060722 0.007949 0.000000,-0.007178 0.000073 0.000000,0.046704 0.005150 0.000000,0.097834 0.022890 0.000000,0.124676 0.038349 0.000000,
0.002583 0.000037 0.000000,0.055838 0.009257 0.000000,0.103990 0.033803 0.000000,0.142737 0.071482 0.000000,0.168619 0.118930 0.000000,0.179323 0.171906 0.000000,0.173893 0.225680 0.000000,0.152815 0.275448 0.000000,0.117970 0.316763 0.000000,0.072473 0.345936 0.000000,0.020386 0.360361 0.000000,-0.033637 0.358749 0.000000,-0.084771 0.341244 0.000000,-0.128448 0.309409 0.000000,-0.160766 0.266089 0.000000,-0.178839 0.215153 0.000000,-0.181053 0.161151 0.000000,-0.167208 0.108907 0.000000,-0.138543 0.063088 0.000000,-0.097618 0.027786 0.000000,-0.048088 0.006155 0.000000,0.005622 0.000128 0.000000,0.058715 0.010242 0.000000,0.106447 0.035594 0.000000,0.144555 0.073920 0.000000,0.169636 0.121795 0.000000,0.179447 0.174945 0.000000,0.173114 0.228619 0.000000,0.151202 0.278026 0.000000,0.132386 0.302615 0.000000,
0.002583 0.000044 0.000000,0.055403 0.011066 0.000000,0.100955 0.039989 0.000000,0.133398 0.083104 0.000000,0.148573 0.134884 0.000000,0.144535 0.188691 0.000000,0.121800 0.237626 0.000000,0.083285 0.275415 0.000000,0.033926 0.297214 0.000000,-0.019948 0.300228 0.000000,-0.071430 0.284070 0.000000,-0.113920 0.250812 0.000000,-0.141970 0.204717 0.000000,-0.151985 0.151697 0.000000,-0.142679 0.098547 0.000000,-0.115247 0.052082 0.000000,-0.073205 0.018260 0.000000,-0.021943 0.001416 0.000000,0.031967 0.003710 0.000000,0.081612 0.024848 0.000000,0.120629 0.062120 0.000000,0.144014 0.110747 0.000000,0.148771 0.164495 0.000000,0.134289 0.216473 0.000000,0.102424 0.260018 0.000000,0.057262 0.289546 0.000000,0.004594 0.301272 0.000000,-0.048830 0.293693 0.000000,-0.096158 0.267779 0.000000,-0.118075 0.245932 0.000000,
0.002583 0.000052 0.000000,0.054892 0.012853 0.000000,0.097436 0.045871 0.000000,0.122818 0.093367 0.000000,0.126628 0.147085 0.000000,0.108202 0.197688 0.000000,0.070744 0.236379 0.000000,0.020764 0.256434 0.000000,-0.033049 0.254366 0.000000,-0.081342 0.230535 0.000000,-0.115721 0.189083 0.000000,-0.130209 0.137216 0.000000,-0.122289 0.083948 0.000000,-0.093336 0.038540 0.000000,-0.048384 0.008884 0.000000,0.004753 0.000135 0.000000,0.056840 0.013814 0.000000,0.098822 0.047543 0.000000,0.123403 0.095459 0.000000,0.126308 0.149233 0.000000,0.107034 0.199519 0.000000,0.068931 0.237575 0.000000,0.018621 0.256787 0.000000,-0.035150 0.253815 0.000000,-0.083036 0.229175 0.000000,-0.116712 0.187151 0.000000,-0.130326 0.135047 0.000000,-0.121511 0.081920 0.000000,-0.091800 0.037005 0.000000,-0.067299 0.018133 0.000000,
0.002583 -0.000007 0.000000,0.056793 -0.001867 0.000000,0.110794 -0.006973 0.000000,0.164392 -0.015309 0.000000,0.217393 -0.026843 0.000000,0.269607 -0.041535 0.000000,0.320847 -0.059332 0.000000,0.370927 -0.080169 0.000000,0.419667 -0.103971 0.000000,0.466892 -0.130654 0.000000,0.512433 -0.160120 0.000000,0.556124 -0.192264 0.000000,0.597810 -0.226969 0.000000,0.637339 -0.264113 0.000000,0.674570 -0.303559 0.000000,0.709369 -0.345167 0.000000,0.741610 -0.388787 0.000000,0.771177 -0.434262 0.000000,0.797965 -0.481428 0.000000,0.821875 -0.530115 0.000000,0.842824 -0.580149 0.000000,0.860734 -0.631348 0.000000,0.875542 -0.683530 0.000000,0.887195 -0.736505 0.000000,0.895649 -0.790084 0.000000,0.900876 -0.844074 0.000000,0.902856 -0.898279 0.000000,0.901582 -0.952506 0.000000,0.897059 -1.006559 0.000000,0.893021 -1.037294 0.000000,
0.002583 -0.000015 0.000000,0.056673 -0.003730 0.000000,0.109930 -0.013893 0.000000,0.161587 -0.030359 0.000000,0.210901 -0.052890 0.000000,0.257163 -0.081163 0.000000,0.299708 -0.114770 0.000000,0.337924 -0.153229 0.000000,0.371260 -0.195987 0.000000,0.399239 -0.242427 0.000000,0.421457 -0.291884 0.000000,0.437594 -0.343644 0.000000,0.447420 -0.396964 0.000000,0.450791 -0.451076 0.000000,0.447660 -0.505203 0.000000,0.438073 -0.558566 0.000000,0.422166 -0.610398 0.000000,0.400168 -0.659952 0.000000,0.372396 -0.706517 0.000000,0.339250 -0.749422 0.000000,0.301206 -0.788051 0.000000,0.258811 -0.821848 0.000000,0.212675 -0.850326 0.000000,0.163462 -0.873076 0.000000,0.111879 -0.889772 0.000000,0.058668 -0.900172 0.000000,0.004595 -0.904128 0.000000,-0.049563 -0.901582 0.000000,-0.103026 -0.892570 0.000000,-0.132968 -0.884565 0.000000,
0.002583 -0.000022 0.000000,0.056474 -0.005585 0.000000,0.108498 -0.020706 0.000000,0.156974 -0.044896 0.000000,0.200337 -0.077374 0.000000,0.237184 -0.117091 0.000000,0.266326 -0.162763 0.000000,0.286820 -0.212914 0.000000,0.298004 -0.265924 0.000000,0.299518 -0.320080 0.000000,0.291311 -0.373631 0.000000,0.273650 -0.424849 0.000000,0.247105 -0.472077 0.000000,0.212533 -0.513789 0.000000,0.171052 -0.548639 0.000000,0.124002 -0.575499 0.000000,0.072904 -0.593501 0.000000,0.019408 -0.602065 0.000000,-0.034757 -0.600913 0.000000,-0.087840 -0.590083 0.000000,-0.138127 -0.569924 0.000000,-0.183992 -0.541088 0.000000,-0.223954 -0.504506 0.000000,-0.256721 -0.461362 0.000000,-0.281234 -0.413048 0.000000,-0.296702 -0.361126 0.000000,-0.302624 -0.307273 0.000000,-0.298809 -0.253231 0.000000,-0.285381 -0.200744 0.000000,-0.273546 -0.172107 0.000000,
0.002583 -0.000030 0.000000,0.056195 -0.007428 0.000000,0.106512 -0.027359 0.000000,0.150649 -0.058679 0.000000,0.186076 -0.099592 0.000000,0.210762 -0.147754 0.000000,0.223293 -0.200404 0.000000,0.222949 -0.254523 0.000000,0.209752 -0.307009 0.000000,0.184456 -0.354854 0.000000,0.148512 -0.395315 0.000000,0.103981 -0.426072 0.000000,0.053416 -0.445362 0.000000,-0.000286 -0.452080 0.000000,-0.054045 -0.445840 0.000000,-0.104780 -0.427001 0.000000,-0.149583 -0.396641 0.000000,-0.185885 -0.356502 0.000000,-0.211606 -0.308884 0.000000,-0.225270 -0.256518 0.000000,-0.226095 -0.202404 0.000000,-0.214034 -0.149645 0.000000,-0.189777 -0.101265 0.000000,-0.154716 -0.060038 0.000000,-0.110859 -0.028326 0.000000,-0.060722 -0.007949 0.000000,-0.007178 -0.000073 0.000000,0.046704 -0.005150 0.000000,0.097834 -0.022890 0.000000,0.124676 -0.038349 0.000000,
0.002583 -0.000037 0.000000,0.055838 -0.009257 0.000000,0.103990 -0.033803 0.000000,0.142737 -0.071482 0.000000,0.168619 -0.118930 0.000000,0.179323 -0.171906 0.000000,0.173893 -0.225680 0.000000,0.152815 -0.275448 0.000000,0.117970 -0.316763 0.000000,0.072473 -0.345936 0.000000,0.020386 -0.360361 0.000000,-0.033637 -0.358749 0.000000,-0.084771 -0.341244 0.000000,-0.128448 -0.309409 0.000000,-0.160766 -0.266089 0.000000,-0.178839 -0.215153 0.000000,-0.181053 -0.161151 0.000000,-0.167208 -0.108907 0.000000,-0.138543 -0.063088 0.000000,-0.097618 -0.027786 0.000000,-0.048088 -0.006155 0.000000,0.005622 -0.000128 0.000000,0.058715 -0.010242 0.000000,0.106447 -0.035594 0.000000,0.144555 -0.073920 0.000000,0.169636 -0.121795 0.000000,0.179447 -0.174945 0.000000,0.173114 -0.228619 0.000000,0.151202 -0.278026 0.000000,0.132386 -0.302615 0.000000,
0.002583 -0.000044 0.000000,0.055403 -0.011066 0.000000,0.100955 -0.039989 0.000000,0.133398 -0.083104 0.000000,0.148573 -0.134884 0.000000,0.144535 -0.188691 0.000000,0.121800 -0.237626 0.000000,0.083285 -0.275415 0.000000,0.033926 -0.297214 0.000000,-0.019948 -0.300228 0.000000,-0.071430 -0.284070 0.000000,-0.113920 -0.250812 0.000000,-0.141970 -0.204717 0.000000,-0.151985 -0.151697 0.000000,-0.142679 -0.098547 0.000000,-0.115247 -0.052082 0.000000,-0.073205 -0.018260 0.000000,-0.021943 -0.001416 0.000000,0.031967 -0.003710 0.000000,0.081612 -0.024848 0.000000,0.120629 -0.062120 0.000000,0.144014 -0.110747 0.000000,0.148771 -0.164495 0.000000,0.134289 -0.216473 0.000000,0.102424 -0.260018 0.000000,0.057262 -0.289546 0.000000,0.004594 -0.301272 0.000000,-0.048830 -0.293693 0.000000,-0.096158 -0.267779 0.000000,-0.118075 -0.245932 0.000000,
0.002583 -0.000052 0.000000,0.054892 -0.012853 0.000000,0.097436 -0.045871 0.000000,0.122818 -0.093367 0.000000,0.126628 -0.147085 0.000000,0.108202 -0.197688 0.000000,0.070744 -0.236379 0.000000,0.020764 -0.256434 0.000000,-0.033049 -0.254366 0.000000,-0.081342 -0.230535 0.000000,-0.115721 -0.189083 0.000000,-0.130209 -0.137216 0.000000,-0.122289 -0.083948 0.000000,-0.093336 -0.038540 0.000000,-0.048384 -0.008884 0.000000,0.004753 -0.000135 0.000000,0.056840 -0.013814 0.000000,0.098822 -0.047543 0.000000,0.123403 -0.095459 0.000000,0.126308 -0.149233 0.000000,0.107034 -0.199519 0.000000,0.068931 -0.237575 0.000000,0.018621 -0.256787 0.000000,-0.035150 -0.253815 0.000000,-0.083036 -0.229175 0.000000,-0.116712 -0.187151 0.000000,-0.130326 -0.135047 0.000000,-0.121511 -0.081920 0.000000,-0.091800 -0.037005 0.000000,-0.067299 -0.018133 0.000000,
0.005067 0.000000 0.000000,0.111467 0.000000 0.000000,0.217867 0.000000 0.000000,0.324267 0.000000 0.000000,0.430667 0.000000 0.000000,0.537067 0.000000 0.000000,0.643467 0.000000 0.000000,0.749867 0.000000 0.000000,0.856267 0.000000 0.000000,0.962667 0.000000 0.000000,1.069067 0.000000 0.000000,1.175467 0.000000 0.000000,1.281867 0.000000 0.000000,1.388267 0.000000 0.000000,1.494667 0.000000 0.000000,1.601067 0.000000 0.000000,1.707467 0.000000 0.000000,1.813867 0.000000 0.000000,1.920267 0.000000 0.000000,2.026667 0.000000 0.000000,2.133067 0.000000 0.000000,2.239467 0.000000 0.000000,2.345867 0.000000 0.000000,2.452267 0.000000 0.000000,2.558667 0.000000 0.000000,2.665067 0.000000 0.000000,2.771467 0.000000 0.000000,2.877867 0.000000 0.000000,2.984267 0.000000 0.000000,3.045067 0.000000 0.000000,
0.005067 0.000014 0.000000,0.111388 0.003661 0.000000,0.217300 0.013677 0.000000,0.322420 0.030025 0.000000,0.426371 0.052648 0.000000,0.528778 0.081463 0.000000,0.629274 0.116367 0.000000,0.727495 0.157234 0.000000,0.823089 0.203918 0.000000,0.915712 0.256250 0.000000,1.005030 0.314041 0.000000,1.090722 0.377085 0.000000,1.172479 0.445153 0.000000,1.250007 0.518002 0.000000,1.323028 0.595368 0.000000,1.391278 0.676973 0.000000,1.454512 0.762525 0.000000,1.512502 0.851714 0.000000,1.565040 0.944220 0.000000,1.611936 1.039710 0.000000,1.653022 1.137840 0.000000,1.688149 1.238257 0.000000,1.717192 1.340600 0.000000,1.740046 1.444501 0.000000,1.756628 1.549585 0.000000,1.766880 1.655474 0.000000,1.770763 1.761787 0.000000,1.768264 1.868141 0.000000,1.759393 1.974155 0.000000,1.751473 2.034434 0.000000,
0.005067 0.000029 0.000000,0.111153 0.007315 0.000000,0.215604 0.027248 0.000000,0.316918 0.059542 0.000000,0.413637 0.103733 0.000000,0.504371 0.159184 0.000000,0.587814 0.225098 0.000000,0.662766 0.300527 0.000000,0.728150 0.384387 0.000000,0.783024 0.475471 0.000000,0.826599 0.572468 0.000000,0.858250 0.673985 0.000000,0.877520 0.778561 0.000000,0.884132 0.884692 0.000000,0.877992 0.990850 0.000000,0.859188 1.095511 0.000000,0.827989 1.197167 0.000000,0.784846 1.294358 0.000000,0.730377 1.385685 0.000000,0.665368 1.469835 0.000000,0.590752 1.545597 0.000000,0.507603 1.611882 0.000000,0.417117 1.667736 0.000000,0.320596 1.712356 0.000000,0.219426 1.745101 0.000000,0.115065 1.765499 0.000000,0.009012 1.773257 0.000000,-0.097207 1.768263 0.000000,-0.202064 1.750590 0.000000,-0.260790 1.734888 0.000000,
0.005066 0.000043 0.000000,0.110762 0.010953 0.000000,0.212796 0.040610 0.000000,0.307872 0.088054 0.000000,0.392919 0.151753 0.000000,0.465187 0.229649 0.000000,0.522342 0.319225 0.000000,0.562537 0.417586 0.000000,0.584473 0.521554 0.000000,0.587442 0.627769 0.000000,0.571346 0.732800 0.000000,0.536707 0.833252 0.000000,0.484644 0.925880 0.000000,0.416839 1.007690 0.000000,0.335483 1.076040 0.000000,0.243205 1.128720 0.000000,0.142986 1.164029 0.000000,0.038065 1.180825 0.000000,-0.068168 1.178565 0.000000,-0.172279 1.157324 0.000000,-0.270906 1.117786 0.000000,-0.360862 1.061230 0.000000,-0.439238 0.989483 0.000000,-0.503504 0.904864 0.000000,-0.551582 0.810106 0.000000,-0.581918 0.708272 0.000000,-0.593534 0.602652 0.000000,-0.586052 0.496659 0.000000,-0.559715 0.393718 0.000000,-0.536504 0.337552 0.000000,
0.005066 0.000058 0.000000,0.110215 0.014569 0.000000,0.208901 0.053659 0.000000,0.295466 0.115086 0.000000,0.364949 0.195330 0.000000,0.413366 0.289789 0.000000,0.437942 0.393050 0.000000,0.437269 0.499194 0.000000,0.411384 0.602134 0.000000,0.361771 0.695972 0.000000,0.291276 0.775327 0.000000,0.203938 0.835650 0.000000,0.104764 0.873484 0.000000,-0.000561 0.886660 0.000000,-0.105998 0.874422 0.000000,-0.205505 0.837472 0.000000,-0.293376 0.777928 0.000000,-0.364575 0.699204 0.000000,-0.415021 0.605812 0.000000,-0.441821 0.503105 0.000000,-0.443439 0.396972 0.000000,-0.419783 0.293497 0.000000,-0.372208 0.198610 0.000000,-0.303442 0.117751 0.000000,-0.217427 0.055556 0.000000,-0.119093 0.015590 0.000000,-0.014078 0.000143 0.000000,0.091600 0.010102 0.000000,0.191881 0.044894 0.000000,0.244527 0.075214 0.000000,
0.005066 0.000072 0.000000,0.109515 0.018155 0.000000,0.203954 0.066297 0.000000,0.279949 0.140198 0.000000,0.330711 0.233256 0.000000,0.351704 0.337159 0.000000,0.341055 0.442625 0.000000,0.299714 0.540233 0.000000,0.231374 0.621265 0.000000,0.142140 0.678482 0.000000,0.039983 0.706773 0.000000,-0.065972 0.703611 0.000000,-0.166261 0.669278 0.000000,-0.251924 0.606841 0.000000,-0.315310 0.521878 0.000000,-0.350756 0.421978 0.000000,-0.355097 0.316064 0.000000,-0.327944 0.213598 0.000000,-0.271723 0.123733 0.000000,-0.191457 0.054496 0.000000,-0.094314 0.012072 0.000000,0.011027 0.000250 0.000000,0.115157 0.020087 0.000000,0.208774 0.069810 0.000000,0.283515 0.144978 0.000000,0.332705 0.238876 0.000000,0.351948 0.343117 0.000000,0.339527 0.448389 0.000000,0.296551 0.545289 0.000000,0.259648 0.593515 0.000000,
0.005066 0.000087 0.000000,0.108662 0.021704 0.000000,0.198003 0.078430 0.000000,0.261633 0.162991 0.000000,0.291396 0.264547 0.000000,0.283475 0.370078 0.000000,0.238886 0.466054 0.000000,0.163345 0.540170 0.000000,0.066538 0.582923 0.000000,-0.039124 0.588834 0.000000,-0.140096 0.557143 0.000000,-0.223431 0.491914 0.000000,-0.278445 0.401510 0.000000,-0.298086 0.297521 0.000000,-0.279835 0.193279 0.000000,-0.226032 0.102149 0.000000,-0.143576 0.035813 0.000000,-0.043036 0.002778 0.000000,0.062696 0.007277 0.000000,0.160065 0.048735 0.000000,0.236588 0.121835 0.000000,0.282454 0.217207 0.000000,0.291783 0.322623 0.000000,0.263379 0.424567 0.000000,0.200883 0.509971 0.000000,0.112308 0.567884 0.000000,0.009009 0.590882 0.000000,-0.095769 0.576016 0.000000,-0.188594 0.525193 0.000000,-0.231580 0.482345 0.000000,
0.005066 0.000101 0.000000,0.107660 0.025208 0.000000,0.191100 0.089966 0.000000,0.240882 0.183120 0.000000,0.248354 0.288477 0.000000,0.212215 0.387723 0.000000,0.138749 0.463609 0.000000,0.040725 0.502942 0.000000,-0.064819 0.498886 0.000000,-0.159536 0.452147 0.000000,-0.226962 0.370847 0.000000,-0.255378 0.269120 0.000000,-0.239844 0.164647 0.000000,-0.183060 0.075589 0.000000,-0.094896 0.017424 0.000000,0.009322 0.000265 0.000000,0.111480 0.027093 0.000000,0.193819 0.093245 0.000000,0.242028 0.187222 0.000000,0.247727 0.292690 0.000000,0.209925 0.391315 0.000000,0.135193 0.465954 0.000000,0.036521 0.503634 0.000000,-0.068939 0.497804 0.000000,-0.162857 0.449479 0.000000,-0.228907 0.367057 0.000000,-0.255608 0.264867 0.000000,-0.238319 0.160670 0.000000,-0.180046 0.072578 0.000000,-0.131994 0.035564 0.000000,
0.005067 -0.000014 0.000000,0.111388 -0.003661 0.000000,0.217300 -0.013677 0.000000,0.322420 -0.030025 0.000000,0.426371 -0.052648 0.000000,0.528778 -0.081463 0.000000,0.629274 -0.116367 0.000000,0.727495 -0.157234 0.000000,0.823089 -0.203918 0.000000,0.915712 -0.256250 0.000000,1.005030 -0.314041 0.000000,1.090722 -0.377085 0.000000,1.172479 -0.445153 0.000000,1.250007 -0.518002 0.000000,1.323028 -0.595368 0.000000,1.391278 -0.676973 0.000000,1.454512 -0.762525 0.000000,1.512502 -0.851714 0.000000,1.565040 -0.944220 0.000000,1.611936 -1.039710 0.000000,1.653022 -1.137840 0.000000,1.688149 -1.238257 0.000000,1.717192 -1.340600 0.000000,1.740046 -1.444501 0.000000,1.756628 -1.549585 0.000000,1.766880 -1.655474 0.000000,1.770763 -1.761787 0.000000,1.768264 -1.868141 0.000000,1.759393 -1.974155 0.000000,1.751473 -2.034434 0.000000,
0.005067 -0.000029 0.000000,0.111153 -0.007315 0.000000,0.215604 -0.027248 0.000000,0.316918 -0.059542 0.000000,0.413637 -0.103733 0.000000,0.504371 -0.159184 0.000000,0.587814 -0.225098 0.000000,0.662766 -0.300527 0.000000,0.728150 -0.384387 0.000000,0.783024 -0.475471 0.000000,0.826599 -0.572468 0.000000,0.858250 -0.673985 0.000000,0.877520 -0.778561 0.000000,0.884132 -0.884692 0.000000,0.877992 -0.990850 0.000000,0.859188 -1.095511 0.000000,0.827989 -1.197167 0.000000,0.784846 -1.294358 0.000000,0.730377 -1.385685 0.000000,0.665368 -1.469835 0.000000,0.590752 -1.545597 0.000000,0.507603 -1.611882 0.000000,0.417117 -1.667736 0.000000,0.320596 -1.712356 0.000000,0.219426 -1.745101 0.000000,0.115065 -1.765499 0.000000,0.009012 -1.773257 0.000000,-0.097207 -1.768263 0.000000,-0.202064 -1.750590 0.000000,-0.260790 -1.734888 0.000000,
0.005066 -0.000043 0.000000,0.110762 -0.010953 0.000000,0.212796 -0.040610 0.000000,0.307872 -0.088054 0.000000,0.392919 -0.151753 0.000000,0.465187 -0.229649 0.000000,0.522342 -0.319225 0.000000,0.562537 -0.417586 0.000000,0.584473 -0.521554 0.000000,0.587442 -0.627769 0.000000,0.571346 -0.732800 0.000000,0.536707 -0.833252 0.000000,0.484644 -0.925880 0.000000,0.416839 -1.007690 0.000000,0.335483 -1.076040 0.000000,0.243205 -1.128720 0.000000,0.142986 -1.164029 0.000000,0.038065 -1.180825 0.000000,-0.068168 -1.178565 0.000000,-0.172279 -1.157324 0.000000,-0.270906 -1.117786 0.000000,-0.360862 -1.061230 0.000000,-0.439238 -0.989483 0.000000,-0.503504 -0.904864 0.000000,-0.551582 -0.810106 0.000000,-0.581918 -0.708272 0.000000,-0.593534 -0.602652 0.000000,-0.586052 -0.496659 0.000000,-0.559715 -0.393718 0.000000,-0.536504 -0.337552 0.000000,
0.005066 -0.000058 0.000000,0.110215 -0.014569 0.000000,0.208901 -0.053659 0.000000,0.295466 -0.115086 0.000000,0.364949 -0.195330 0.000000,0.413366 -0.289789 0.000000,0.437942 -0.393050 0.000000,0.437269 -0.499194 0.000000,0.411384 -0.602134 0.000000,0.361771 -0.695972 0.000000,0.291276 -0.775327 0.000000,0.203938 -0.835650 0.000000,0.104764 -0.873484 0.000000,-0.000561 -0.886660 0.000000,-0.105998 -0.874422 0.000000,-0.205505 -0.837472 0.000000,-0.293376 -0.777928 0.000000,-0.364575 -0.699204 0.000000,-0.415021 -0.605812 0.000000,-0.441821 -0.503105 0.000000,-0.443439 -0.396972 0.000000,-0.419783 -0.293497 0.000000,-0.372208 -0.198610 0.000000,-0.303442 -0.117751 0.000000,-0.217427 -0.055556 0.000000,-0.119093 -0.015590 0.000000,-0.014078 -0.000143 0.000000,0.091600 -0.010102 0.000000,0.191881 -0.044894 0.000000,0.244527 -0.075214 0.000000,
0.005066 -0.000072 0.000000,0.109515 -0.018155 0.000000,0.203954 -0.066297 0.000000,0.279949 -0.140198 0.000000,0.330711 -0.233256 0.000000,0.351704 -0.337159 0.000000,0.341055 -0.442625 0.000000,0.299714 -0.540233 0.000000,0.231374 -0.621265 0.000000,0.142140 -0.678482 0.000000,0.039983 -0.706773 0.000000,-0.065972 -0.703611 0.000000,-0.166261 -0.669278 0.000000,-0.251924 -0.606841 0.000000,-0.315310 -0.521878 0.000000,-0.350756 -0.421978 0.000000,-0.355097 -0.316064 0.000000,-0.327944 -0.213598 0.000000,-0.271723 -0.123733 0.000000,-0.191457 -0.054496 0.000000,-0.094314 -0.012072 0.000000,0.011027 -0.000250 0.000000,0.115157 -0.020087 0.000000,0.208774 -0.069810 0.000000,0.283515 -0.144978 0.000000,0.332705 -0.238876 0.000000,0.351948 -0.343117 0.000000,0.339527 -0.448389 0.000000,0.296551 -0.545289 0.000000,0.259648 -0.593515 0.000000,
0.005066 -0.000087 0.000000,0.108662 -0.021704 0.000000,0.198003 -0.078430 0.000000,0.261633 -0.162991 0.000000,0.291396 -0.264547 0.000000,0.283475 -0.370078 0.000000,0.238886 -0.466054 0.000000,0.163345 -0.540170 0.000000,0.066538 -0.582923 0.000000,-0.039124 -0.588834 0.000000,-0.140096 -0.557143 0.000000,-0.223431 -0.491914 0.000000,-0.278445 -0.401510 0.000000,-0.298086 -0.297521 0.000000,-0.279835 -0.193279 0.000000,-0.226032 -0.102149 0.000000,-0.143576 -0.035813 0.000000,-0.043036 -0.002778 0.000000,0.062696 -0.007277 0.000000,0.160065 -0.048735 0.000000,0.236588 -0.121835 0.000000,0.282454 -0.217207 0.000000,0.291783 -0.322623 0.000000,0.263379 -0.424567 0.000000,0.200883 -0.509971 0.000000,0.112308 -0.567884 0.000000,0.009009 -0.590882 0.000000,-0.095769 -0.576016 0.000000,-0.188594 -0.525193 0.000000,-0.231580 -0.482345 0.000000,
0.005066 -0.000101 0.000000,0.107660 -0.025208 0.000000,0.191100 -0.089966 0.000000,0.240882 -0.183120 0.000000,0.248354 -0.288477 0.000000,0.212215 -0.387723 0.000000,0.138749 -0.463609 0.000000,0.040725 -0.502942 0.000000,-0.064819 -0.498886 0.000000,-0.159536 -0.452147 0.000000,-0.226962 -0.370847 0.000000,-0.255378 -0.269120 0.000000,-0.239844 -0.164647 0.000000,-0.183060 -0.075589 0.000000,-0.094896 -0.017424 0.000000,0.009322 -0.000265 0.000000,0.111480 -0.027093 0.000000,0.193819 -0.093245 0.000000,0.242028 -0.187222 0.000000,0.247727 -0.292690 0.000000,0.209925 -0.391315 0.000000,0.135193 -0.465954 0.000000,0.036521 -0.503634 0.000000,-0.068939 -0.497804 0.000000,-0.162857 -0.449479 0.000000,-0.228907 -0.367057 0.000000,-0.255608 -0.264867 0.000000,-0.238319 -0.160670 0.000000,-0.180046 -0.072578 0.000000,-0.131994 -0.035564 0.000000,
0.007550 0.000000 0.000000,0.166100 0.000000 0.000000,0.324650 0.000000 0.000000,0.483200 0.000000 0.000000,0.641750 0.000000 0.000000,0.800300 0.000000 0.000000,0.958850 0.000000 0.000000,1.117400 0.000000 0.000000,1.275950 0.000000 0.000000,1.434500 0.000000 0.000000,1.593050 0.000000 0.000000,1.751600 0.000000 0.000000,1.910150 0.000000 0.000000,2.068700 0.000000 0.000000,2.227250 0.000000 0.000000,2.385800 0.000000 0.000000,2.544350 0.000000 0.000000,2.702900 0.000000 0.000000,2.861450 0.000000 0.000000,3.020000 0.000000 0.000000,3.178550 0.000000 0.000000,3.337100 0.000000 0.000000,3.495650 0.000000 0.000000,3.654200 0.000000 0.000000,3.812750 0.000000 0.000000,3.971300 0.000000 0.000000,4.129850 0.000000 0.000000,4.288400 0.000000 0.000000,4.446950 0.000000 0.000000,4.537550 0.000000 0.000000,
0.007550 0.000022 0.000000,0.165983 0.005456 0.000000,0.323805 0.020380 0.000000,0.480448 0.044742 0.000000,0.635349 0.078452 0.000000,0.787949 0.121391 0.000000,0.937700 0.173402 0.000000,1.084063 0.234300 0.000000,1.226511 0.303864 0.000000,1.364531 0.381846 0.000000,1.497626 0.467963 0.000000,1.625319 0.561906 0.000000,1.747148 0.663337 0.000000,1.862676 0.771890 0.000000,1.971486 0.887176 0.000000,2.073188 1.008780 0.000000,2.167415 1.136262 0.000000,2.253828 1.269166 0.000000,2.332116 1.407012 0.000000,2.401997 1.549305 0.000000,2.463220 1.695532 0.000000,2.515565 1.845167 0.000000,2.558843 1.997671 0.000000,2.592898 2.152496 0.000000,2.617608 2.309085 0.000000,2.632883 2.466873 0.000000,2.638670 2.625294 0.000000,2.634947 2.783777 0.000000,2.621727 2.941751 0.000000,2.609926 3.031574 0.000000,
0.007550 0.000043 0.000000,0.165633 0.010900 0.000000,0.321279 0.040603 0.000000,0.472250 0.088726 0.000000,0.616374 0.154575 0.000000,0.751579 0.237205 0.000000,0.875920 0.335426 0.000000,0.987609 0.447825 0.000000,1.085039 0.572787 0.000000,1.166808 0.708514 0.000000,1.231742 0.853053 0.000000,1.278905 1.004327 0.000000,1.307620 1.160158 0.000000,1.317474 1.318307 0.000000,1.308324 1.476497 0.000000,1.280303 1.632455 0.000000,1.233813 1.783937 0.000000,1.169523 1.928764 0.000000,1.088358 2.064853 0.000000,0.991486 2.190247 0.000000,0.880298 2.303143 0.000000,0.756396 2.401916 0.000000,0.621560 2.485146 0.000000,0.477730 2.551636 0.000000,0.326974 2.600430 0.000000,0.171462 2.630826 0.000000,0.013429 2.642386 0.000000,-0.144851 2.634945 0.000000,-0.301103 2.608609 0.000000,-0.388611 2.585211 0.000000,
0.007550 0.000065 0.000000,0.165049 0.016322 0.000000,0.317094 0.060514 0.000000,0.458770 0.131212 0.000000,0.585501 0.226132 0.000000,0.693190 0.342208 0.000000,0.778359 0.475687 0.000000,0.838254 0.622258 0.000000,0.870942 0.777184 0.000000,0.875365 0.935458 0.000000,0.851381 1.091968 0.000000,0.799765 1.241655 0.000000,0.722184 1.379683 0.000000,0.621145 1.501591 0.000000,0.499914 1.603441 0.000000,0.362407 1.681941 0.000000,0.213068 1.734556 0.000000,0.056722 1.759584 0.000000,-0.101579 1.756217 0.000000,-0.256719 1.724565 0.000000,-0.403686 1.665648 0.000000,-0.537731 1.581373 0.000000,-0.654523 1.474460 0.000000,-0.750287 1.348366 0.000000,-0.821929 1.207165 0.000000,-0.867135 1.055419 0.000000,-0.884443 0.898031 0.000000,-0.873295 0.740088 0.000000,-0.834050 0.586692 0.000000,-0.799461 0.502997 0.000000,
0.007550 0.000086 0.000000,0.164235 0.021710 0.000000,0.311289 0.079959 0.000000,0.440283 0.171494 0.000000,0.543822 0.291067 0.000000,0.615970 0.431824 0.000000,0.652591 0.585697 0.000000,0.651588 0.743864 0.000000,0.613016 0.897259 0.000000,0.539087 1.037090 0.000000,0.434039 1.155339 0.000000,0.303894 1.245229 0.000000,0.156112 1.301606 0.000000,-0.000835 1.321240 0.000000,-0.157951 1.303004 0.000000,-0.306229 1.247944 0.000000,-0.437169 1.159216 0.000000,-0.543265 1.041906 0.000000,-0.618435 0.902739 0.000000,-0.658371 0.749693 0.000000,-0.660782 0.591541 0.000000,-0.625531 0.437348 0.000000,-0.554639 0.295955 0.000000,-0.452169 0.175465 0.000000,-0.323995 0.082786 0.000000,-0.177464 0.023231 0.000000,-0.020977 0.000213 0.000000,0.136496 0.015053 0.000000,0.285928 0.066899 0.000000,0.364377 0.112079 0.000000,
0.007549 0.000108 0.000000,0.163191 0.027054 0.000000,0.303919 0.098792 0.000000,0.417161 0.208913 0.000000,0.492802 0.347582 0.000000,0.524086 0.502411 0.000000,0.508217 0.659569 0.000000,0.446613 0.805018 0.000000,0.344778 0.925767 0.000000,0.211807 1.011027 0.000000,0.059580 1.053184 0.000000,-0.098308 1.048472 0.000000,-0.247750 0.997312 0.000000,-0.375400 0.904273 0.000000,-0.469853 0.777667 0.000000,-0.522673 0.628802 0.000000,-0.529141 0.470977 0.000000,-0.488680 0.318290 0.000000,-0.404903 0.184379 0.000000,-0.285295 0.081207 0.000000,-0.140540 0.017989 0.000000,0.016432 0.000373 0.000000,0.171599 0.029932 0.000000,0.311100 0.104026 0.000000,0.422475 0.216036 0.000000,0.495774 0.355957 0.000000,0.524449 0.511290 0.000000,0.505940 0.668159 0.000000,0.441900 0.812552 0.000000,0.386909 0.884416 0.000000,
0.007549 0.000129 0.000000,0.161921 0.032342 0.000000,0.295050 0.116870 0.000000,0.389868 0.242878 0.000000,0.434218 0.394211 0.000000,0.422414 0.551465 0.000000,0.355971 0.694482 0.000000,0.243406 0.804924 0.000000,0.099150 0.868632 0.000000,-0.058301 0.877440 0.000000,-0.208761 0.830216 0.000000,-0.332941 0.733017 0.000000,-0.414920 0.598303 0.000000,-0.444187 0.443346 0.000000,-0.416991 0.288011 0.000000,-0.336818 0.152215 0.000000,-0.213946 0.053366 0.000000,-0.064130 0.004139 0.000000,0.093425 0.010844 0.000000,0.238518 0.072621 0.000000,0.352547 0.181551 0.000000,0.420894 0.323667 0.000000,0.434795 0.480750 0.000000,0.392469 0.632661 0.000000,0.299342 0.759924 0.000000,0.167354 0.846222 0.000000,0.013425 0.880492 0.000000,-0.142708 0.858340 0.000000,-0.281030 0.782607 0.000000,-0.345084 0.718758 0.000000,
0.007548 0.000151 0.000000,0.160427 0.037563 0.000000,0.284764 0.134061 0.000000,0.358946 0.272873 0.000000,0.370080 0.429868 0.000000,0.316229 0.577759 0.000000,0.206754 0.690838 0.000000,0.060685 0.749450 0.000000,-0.096589 0.743406 0.000000,-0.237730 0.673758 0.000000,-0.338204 0.552611 0.000000,-0.380547 0.401024 0.000000,-0.357399 0.245346 0.000000,-0.272783 0.112637 0.000000,-0.141408 0.025965 0.000000,0.013891 0.000395 0.000000,0.166119 0.040372 0.000000,0.288816 0.138947 0.000000,0.360654 0.278986 0.000000,0.369146 0.436147 0.000000,0.312816 0.583111 0.000000,0.201456 0.694333 0.000000,0.054422 0.750481 0.000000,-0.102728 0.741794 0.000000,-0.242678 0.669782 0.000000,-0.341101 0.546964 0.000000,-0.380889 0.394686 0.000000,-0.355127 0.239419 0.000000,-0.268292 0.108151 0.000000,-0.196688 0.052995 0.000000,
0.007550 -0.000022 0.000000,0.165983 -0.005456 0.000000,0.323805 -0.020380 0.000000,0.480448 -0.044742 0.000000,0.635349 -0.078452 0.000000,0.787949 -0.121391 0.000000,0.937700 -0.173402 0.000000,1.084063 -0.234300 0.000000,1.226511 -0.303864 0.000000,1.364531 -0.381846 0.000000,1.497626 -0.467963 0.000000,1.625319 -0.561906 0.000000,1.747148 -0.663337 0.000000,1.862676 -0.771890 0.000000,1.971486 -0.887176 0.000000,2.073188 -1.008780 0.000000,2.167415 -1.136262 0.000000,2.253828 -1.269166 0.000000,2.332116 -1.407012 0.000000,2.401997 -1.549305 0.000000,2.463220 -1.695532 0.000000,2.515565 -1.845167 0.000000,2.558843 -1.997671 0.000000,2.592898 -2.152496 0.000000,2.617608 -2.309085 0.000000,2.632883 -2.466873 0.000000,2.638670 -2.625294 0.000000,2.634947 -2.783777 0.000000,2.621727 -2.941751 0.000000,2.609926 -3.031574 0.000000,
0.007550 -0.000043 0.000000,0.165633 -0.010900 0.000000,0.321279 -0.040603 0.000000,0.472250 -0.088726 0.000000,0.616374 -0.154575 0.000000,0.751579 -0.237205 0.000000,0.875920 -0.335426 0.000000,0.987609 -0.447825 0.000000,1.085039 -0.572787 0.000000,1.166808 -0.708514 0.000000,1.231742 -0.853053 0.000000,1.278905 -1.004327 0.000000,1.307620 -1.160158 0.000000,1.317474 -1.318307 0.000000,1.308324 -1.476497 0.000000,1.280303 -1.632455 0.000000,1.233813 -1.783937 0.000000,1.169523 -1.928764 0.000000,1.088358 -2.064853 0.000000,0.991486 -2.190247 0.000000,0.880298 -2.303143 0.000000,0.756396 -2.401916 0.000000,0.621560 -2.485146 0.000000,0.477730 -2.551636 0.000000,0.326974 -2.600430 0.000000,0.171462 -2.630826 0.000000,0.013429 -2.642386 0.000000,-0.144851 -2.634945 0.000000,-0.301103 -2.608609 0.000000,-0.388611 -2.585211 0.000000,
0.007550 -0.000065 0.000000,0.165049 -0.016322 0.000000,0.317094 -0.060514 0.000000,0.458770 -0.131212 0.000000,0.585501 -0.226132 0.000000,0.693190 -0.342208 0.000000,0.778359 -0.475687 0.000000,0.838254 -0.622258 0.000000,0.870942 -0.777184 0.000000,0.875365 -0.935458 0.000000,0.851381 -1.091968 0.000000,0.799765 -1.241655 0.000000,0.722184 -1.379683 0.000000,0.621145 -1.501591 0.000000,0.499914 -1.603441 0.000000,0.362407 -1.681941 0.000000,0.213068 -1.734556 0.000000,0.056722 -1.759584 0.000000,-0.101579 -1.756217 0.000000,-0.256719 -1.724565 0.000000,-0.403686 -1.665648 0.000000,-0.537731 -1.581373 0.000000,-0.654523 -1.474460 0.000000,-0.750287 -1.348366 0.000000,-0.821929 -1.207165 0.000000,-0.867135 -1.055419 0.000000,-0.884443 -0.898031 0.000000,-0.873295 -0.740088 0.000000,-0.834050 -0.586692 0.000000,-0.799461 -0.502997 0.000000,
0.007550 -0.000086 0.000000,0.164235 -0.021710 0.000000,0.311289 -0.079959 0.000000,0.440283 -0.171494 0.000000,0.543822 -0.291067 0.000000,0.615970 -0.431824 0.000000,0.652591 -0.585697 0.000000,0.651588 -0.743864 0.000000,0.613016 -0.897259 0.000000,0.539087 -1.037090 0.000000,0.434039 -1.155339 0.000000,0.303894 -1.245229 0.000000,0.156112 -1.301606 0.000000,-0.000835 -1.321240 0.000000,-0.157951 -1.303004 0.000000,-0.306229 -1.247944 0.000000,-0.437169 -1.159216 0.000000,-0.543265 -1.041906 0.000000,-0.618435 -0.902739 0.000000,-0.658371 -0.749693 0.000000,-0.660782 -0.591541 0.000000,-0.625531 -0.437348 0.000000,-0.554639 -0.295955 0.000000,-0.452169 -0.175465 0.000000,-0.323995 -0.082786 0.000000,-0.177464 -0.023231 0.000000,-0.020977 -0.000213 0.000000,0.136496 -0.015053 0.000000,0.285928 -0.066899 0.000000,0.364377 -0.112079 0.000000,
0.007549 -0.000108 0.000000,0.163191 -0.027054 0.000000,0.303919 -0.098792 0.000000,0.417161 -0.208913 0.000000,0.492802 -0.347582 0.000000,0.524086 -0.502411 0.000000,0.508217 -0.659569 0.000000,0.446613 -0.805018 0.000000,0.344778 -0.925767 0.000000,0.211807 -1.011027 0.000000,0.059580 -1.053184 0.000000,-0.098308 -1.048472 0.000000,-0.247750 -0.997312 0.000000,-0.375400 -0.904273 0.000000,-0.469853 -0.777667 0.000000,-0.522673 -0.628802 0.000000,-0.529141 -0.470977 0.000000,-0.488680 -0.318290 0.000000,-0.404903 -0.184379 0.000000,-0.285295 -0.081207 0.000000,-0.140540 -0.017989 0.000000,0.016432 -0.000373 0.000000,0.171599 -0.029932 0.000000,0.311100 -0.104026 0.000000,0.422475 -0.216036 0.000000,0.495774 -0.355957 0.000000,0.524449 -0.511290 0.000000,0.505940 -0.668159 0.000000,0.441900 -0.812552 0.000000,0.386909 -0.884416 0.000000,
0.007549 -0.000129 0.000000,0.161921 -0.032342 0.000000,0.295050 -0.116870 0.000000,0.389868 -0.242878 0.000000,0.434218 -0.394211 0.000000,0.422414 -0.551465 0.000000,0.355971 -0.694482 0.000000,0.243406 -0.804924 0.000000,0.099150 -0.868632 0.000000,-0.058301 -0.877440 0.000000,-0.208761 -0.830216 0.000000,-0.332941 -0.733017 0.000000,-0.414920 -0.598303 0.000000,-0.444187 -0.443346 0.000000,-0.416991 -0.288011 0.000000,-0.336818 -0.152215 0.000000,-0.213946 -0.053366 0.000000,-0.064130 -0.004139 0.000000,0.093425 -0.010844 0.000000,0.238518 -0.072621 0.000000,0.352547 -0.181551 0.000000,0.420894 -0.323667 0.000000,0.434795 -0.480750 0.000000,0.392469 -0.632661 0.000000,0.299342 -0.759924 0.000000,0.167354 -0.846222 0.000000,0.013425 -0.880492 0.000000,-0.142708 -0.858340 0.000000,-0.281030 -0.782607 0.000000,-0.345084 -0.718758 0.000000,
0.007548 -0.000151 0.000000,0.160427 -0.037563 0.000000,0.284764 -0.134061 0.000000,0.358946 -0.272873 0.000000,0.370080 -0.429868 0.000000,0.316229 -0.577759 0.000000,0.206754 -0.690838 0.000000,0.060685 -0.749450 0.000000,-0.096589 -0.743406 0.000000,-0.237730 -0.673758 0.000000,-0.338204 -0.552611 0.000000,-0.380547 -0.401024 0.000000,-0.357399 -0.245346 0.000000,-0.272783 -0.112637 0.000000,-0.141408 -0.025965 0.000000,0.013891 -0.000395 0.000000,0.166119 -0.040372 0.000000,0.288816 -0.138947 0.000000,0.360654 -0.278986 0.000000,0.369146 -0.436147 0.000000,0.312816 -0.583111 0.000000,0.201456 -0.694333 0.000000,0.054422 -0.750481 0.000000,-0.102728 -0.741794 0.000000,-0.242678 -0.669782 0.000000,-0.341101 -0.546964 0.000000,-0.380889 -0.394686 0.000000,-0.355127 -0.239419 0.000000,-0.268292 -0.108151 0.000000,-0.196688 -0.052995 0.000000,
0.010033 0.000000 0.000000,0.220733 0.000000 0.000000,0.431433 0.000000 0.000000,0.642133 0.000000 0.000000,0.852833 0.000000 0.000000,1.063533 0.000000 0.000000,1.274233 0.000000 0.000000,1.484933 0.000000 0.000000,1.695633 0.000000 0.000000,1.906333 0.000000 0.000000,2.117033 0.000000 0.000000,2.327733 0.000000 0.000000,2.538433 0.000000 0.000000,2.749133 0.000000 0.000000,2.959833 0.000000 0.000000,3.170533 0.000000 0.000000,3.381233 0.000000 0.000000,3.591933 0.000000 0.000000,3.802633 0.000000 0.000000,4.013333 0.000000 0.000000,4.224033 0.000000 0.000000,4.434733 0.000000 0.000000,4.645433 0.000000 0.000000,4.856133 0.000000 0.000000,5.066833 0.000000 0.000000,5.277533 0.000000 0.000000,5.488233 0.000000 0.000000,5.698933 0.000000 0.000000,5.909633 0.000000 0.000000,6.030033 0.000000 0.000000,
0.010033 0.000029 0.000000,0.220578 0.007250 0.000000,0.430311 0.027084 0.000000,0.638477 0.059458 0.000000,0.844327 0.104257 0.000000,1.047120 0.161318 0.000000,1.246127 0.230437 0.000000,1.440631 0.311365 0.000000,1.629933 0.403811 0.000000,1.813350 0.507442 0.000000,1.990223 0.621884 0.000000,2.159916 0.746727 0.000000,2.321817 0.881520 0.000000,2.475344 1.025779 0.000000,2.619944 1.178985 0.000000,2.755097 1.340586 0.000000,2.880317 1.510000 0.000000,2.995153 1.686618 0.000000,3.099191 1.869804 0.000000,3.192058 2.058899 0.000000,3.273418 2.253223 0.000000,3.342980 2.452076 0.000000,3.400493 2.654742 0.000000,3.445749 2.860492 0.000000,3.478587 3.068585 0.000000,3.498887 3.278273 0.000000,3.506577 3.488801 0.000000,3.501629 3.699412 0.000000,3.484061 3.909346 0.000000,3.468378 4.028715 0.000000,
0.010033 0.000057 0.000000,0.220112 0.014485 0.000000,0.426953 0.053959 0.000000,0.627581 0.117910 0.000000,0.819111 0.205418 0.000000,0.998788 0.315226 0.000000,1.164027 0.445753 0.000000,1.312452 0.595123 0.000000,1.441928 0.761187 0.000000,1.550593 0.941557 0.000000,1.636884 1.133638 0.000000,1.699560 1.334668 0.000000,1.737720 1.541756 0.000000,1.750815 1.751922 0.000000,1.738656 1.962145 0.000000,1.701418 2.169400 0.000000,1.639637 2.370707 0.000000,1.554201 2.563170 0.000000,1.446339 2.744021 0.000000,1.317603 2.910660 0.000000,1.169844 3.060689 0.000000,1.005188 3.191950 0.000000,0.826002 3.302556 0.000000,0.634864 3.390916 0.000000,0.434522 3.455759 0.000000,0.227859 3.496153 0.000000,0.017846 3.511515 0.000000,-0.192496 3.501627 0.000000,-0.400141 3.466628 0.000000,-0.516432 3.435535 0.000000,
0.010033 0.000086 0.000000,0.219337 0.021691 0.000000,0.421392 0.080418 0.000000,0.609668 0.174370 0.000000,0.778083 0.300512 0.000000,0.921193 0.454766 0.000000,1.034375 0.632149 0.000000,1.113972 0.826930 0.000000,1.157411 1.032813 0.000000,1.163289 1.243148 0.000000,1.131416 1.451136 0.000000,1.062822 1.650058 0.000000,0.959723 1.833485 0.000000,0.825451 1.995492 0.000000,0.664345 2.130842 0.000000,0.481609 2.235163 0.000000,0.283150 2.305083 0.000000,0.075379 2.338343 0.000000,-0.134990 2.333869 0.000000,-0.341159 2.291805 0.000000,-0.536466 2.213511 0.000000,-0.714601 2.101515 0.000000,-0.869807 1.959437 0.000000,-0.997070 1.791869 0.000000,-1.092277 1.604224 0.000000,-1.152351 1.402565 0.000000,-1.175353 1.193410 0.000000,-1.160537 0.983516 0.000000,-1.108384 0.779665 0.000000,-1.062418 0.668442 0.000000,
0.010033 0.000115 0.000000,0.218255 0.028851 0.000000,0.413678 0.106259 0.000000,0.585100 0.227901 0.000000,0.722695 0.386804 0.000000,0.818573 0.573859 0.000000,0.867241 0.778343 0.000000,0.865907 0.988535 0.000000,0.814648 1.192385 0.000000,0.716403 1.378207 0.000000,0.576803 1.535351 0.000000,0.403850 1.654807 0.000000,0.207460 1.729729 0.000000,-0.001110 1.755820 0.000000,-0.209904 1.731586 0.000000,-0.406953 1.658415 0.000000,-0.580962 1.540503 0.000000,-0.721955 1.384608 0.000000,-0.821850 1.199667 0.000000,-0.874921 0.996281 0.000000,-0.878126 0.786110 0.000000,-0.831280 0.581200 0.000000,-0.737070 0.393300 0.000000,-0.600895 0.233179 0.000000,-0.430562 0.110016 0.000000,-0.235836 0.030872 0.000000,-0.027877 0.000283 0.000000,0.181391 0.020004 0.000000,0.379974 0.088903 0.000000,0.484227 0.148944 0.000000,
0.010032 0.000143 0.000000,0.216868 0.035952 0.000000,0.403883 0.131286 0.000000,0.554373 0.277629 0.000000,0.654894 0.461908 0.000000,0.696467 0.667663 0.000000,0.675379 0.876513 0.000000,0.593513 1.069804 0.000000,0.458182 1.230268 0.000000,0.281475 1.343573 0.000000,0.079176 1.399596 0.000000,-0.130643 1.393334 0.000000,-0.329240 1.325346 0.000000,-0.498876 1.201705 0.000000,-0.624396 1.033455 0.000000,-0.694589 0.835627 0.000000,-0.703185 0.625890 0.000000,-0.649415 0.422981 0.000000,-0.538083 0.245025 0.000000,-0.379134 0.107917 0.000000,-0.186767 0.023906 0.000000,0.021837 0.000496 0.000000,0.228041 0.039777 0.000000,0.413427 0.138242 0.000000,0.561435 0.287094 0.000000,0.658843 0.473038 0.000000,0.696951 0.679462 0.000000,0.672354 0.887929 0.000000,0.587249 1.079815 0.000000,0.514171 1.175317 0.000000,
0.010032 0.000172 0.000000,0.215180 0.042979 0.000000,0.392097 0.155311 0.000000,0.518102 0.322765 0.000000,0.577040 0.523874 0.000000,0.561354 0.732852 0.000000,0.473056 0.922909 0.000000,0.323466 1.069678 0.000000,0.131763 1.154342 0.000000,-0.077477 1.166046 0.000000,-0.277426 1.103290 0.000000,-0.442452 0.974120 0.000000,-0.551395 0.795096 0.000000,-0.590289 0.589170 0.000000,-0.554147 0.382743 0.000000,-0.447603 0.202281 0.000000,-0.284317 0.070920 0.000000,-0.085223 0.005500 0.000000,0.124154 0.014410 0.000000,0.316971 0.096507 0.000000,0.468506 0.241266 0.000000,0.559334 0.430127 0.000000,0.577807 0.638878 0.000000,0.521560 0.840755 0.000000,0.397801 1.009876 0.000000,0.222399 1.124560 0.000000,0.017841 1.170102 0.000000,-0.189648 1.140664 0.000000,-0.373466 1.040020 0.000000,-0.458589 0.955170 0.000000,
0.010031 0.000201 0.000000,0.213195 0.049918 0.000000,0.378428 0.178157 0.000000,0.477010 0.362625 0.000000,0.491806 0.571260 0.000000,0.420242 0.767794 0.000000,0.274759 0.918067 0.000000,0.080645 0.995957 0.000000,-0.128359 0.987926 0.000000,-0.315923 0.895369 0.000000,-0.449445 0.734375 0.000000,-0.505716 0.532929 0.000000,-0.474954 0.326045 0.000000,-0.362506 0.149685 0.000000,-0.187919 0.034505 0.000000,0.018461 0.000525 0.000000,0.220759 0.053651 0.000000,0.383813 0.184650 0.000000,0.479280 0.370750 0.000000,0.490565 0.579603 0.000000,0.415707 0.774907 0.000000,0.267718 0.922712 0.000000,0.072322 0.997328 0.000000,-0.136518 0.985784 0.000000,-0.322499 0.890086 0.000000,-0.453295 0.726870 0.000000,-0.506171 0.524506 0.000000,-0.471935 0.318168 0.000000,-0.356538 0.143724 0.000000,-0.261382 0.070426 0.000000,
0.010033 -0.000029 0.000000,0.220578 -0.007250 0.000000,0.430311 -0.027084 0.000000,0.638477 -0.059458 0.000000,0.844327 -0.104257 0.000000,1.047120 -0.161318 0.000000,1.246127 -0.230437 0.000000,1.440631 -0.311365 0.000000,1.629933 -0.403811 0.000000,1.813350 -0.507442 0.000000,1.990223 -0.621884 0.000000,2.159916 -0.746727 0.000000,2.321817 -0.881520 0.000000,2.475344 -1.025779 0.000000,2.619944 -1.178985 0.000000,2.755097 -1.340586 0.000000,2.880317 -1.510000 0.000000,2.995153 -1.686618 0.000000,3.099191 -1.869804 0.000000,3.192058 -2.058899 0.000000,3.273418 -2.253223 0.000000,3.342980 -2.452076 0.000000,3.400493 -2.654742 0.000000,3.445749 -2.860492 0.000000,3.478587 -3.068585 0.000000,3.498887 -3.278273 0.000000,3.506577 -3.488801 0.000000,3.501629 -3.699412 0.000000,3.484061 -3.909346 0.000000,3.468378 -4.028715 0.000000,
0.010033 -0.000057 0.000000,0.220112 -0.014485 0.000000,0.426953 -0.053959 0.000000,0.627581 -0.117910 0.000000,0.819111 -0.205418 0.000000,0.998788 -0.315226 0.000000,1.164027 -0.445753 0.000000,1.312452 -0.595123 0.000000,1.441928 -0.761187 0.000000,1.550593 -0.941557 0.000000,1.636884 -1.133638 0.000000,1.699560 -1.334668 0.000000,1.737720 -1.541756 0.000000,1.750815 -1.751922 0.000000,1.738656 -1.962145 0.000000,1.701418 -2.169400 0.000000,1.639637 -2.370707 0.000000,1.554201 -2.563170 0.000000,1.446339 -2.744021 0.000000,1.317603 -2.910660 0.000000,1.169844 -3.060689 0.000000,1.005188 -3.191950 0.000000,0.826002 -3.302556 0.000000,0.634864 -3.390916 0.000000,0.434522 -3.455759 0.000000,0.227859 -3.496153 0.000000,0.017846 -3.511515 0.000000,-0.192496 -3.501627 0.000000,-0.400141 -3.466628 0.000000,-0.516432 -3.435535 0.000000,
0.010033 -0.000086 0.000000,0.219337 -0.021691 0.000000,0.421392 -0.080418 0.000000,0.609668 -0.174370 0.000000,0.778083 -0.300512 0.000000,0.921193 -0.454766 0.000000,1.034375 -0.632149 0.000000,1.113972 -0.826930 0.000000,1.157411 -1.032813 0.000000,1.163289 -1.243148 0.000000,1.131416 -1.451136 0.000000,1.062822 -1.650058 0.000000,0.959723 -1.833485 0.000000,0.825451 -1.995492 0.000000,0.664345 -2.130842 0.000000,0.481609 -2.235163 0.000000,0.283150 -2.305083 0.000000,0.075379 -2.338343 0.000000,-0.134990 -2.333869 0.000000,-0.341159 -2.291805 0.000000,-0.536466 -2.213511 0.000000,-0.714601 -2.101515 0.000000,-0.869807 -1.959437 0.000000,-0.997070 -1.791869 0.000000,-1.092277 -1.604224 0.000000,-1.152351 -1.402565 0.000000,-1.175353 -1.193410 0.000000,-1.160537 -0.983516 0.000000,-1.108384 -0.779665 0.000000,-1.062418 -0.668442 0.000000,
0.010033 -0.000115 0.000000,0.218255 -0.028851 0.000000,0.413678 -0.106259 0.000000,0.585100 -0.227901 0.000000,0.722695 -0.386804 0.000000,0.818573 -0.573859 0.000000,0.867241 -0.778343 0.000000,0.865907 -0.988535 0.000000,0.814648 -1.192385 0.000000,0.716403 -1.378207 0.000000,0.576803 -1.535351 0.000000,0.403850 -1.654807 0.000000,0.207460 -1.729729 0.000000,-0.001110 -1.755820 0.000000,-0.209904 -1.731586 0.000000,-0.406953 -1.658415 0.000000,-0.580962 -1.540503 0.000000,-0.721955 -1.384608 0.000000,-0.821850 -1.199667 0.000000,-0.874921 -0.996281 0.000000,-0.878126 -0.786110 0.000000,-0.831280 -0.581200 0.000000,-0.737070 -0.393300 0.000000,-0.600895 -0.233179 0.000000,-0.430562 -0.110016 0.000000,-0.235836 -0.030872 0.000000,-0.027877 -0.000283 0.000000,0.181391 -0.020004 0.000000,0.379974 -0.088903 0.000000,0.484227 -0.148944 0.000000,
0.010032 -0.000143 0.000000,0.216868 -0.035952 0.000000,0.403883 -0.131286 0.000000,0.554373 -0.277629 0.000000,0.654894 -0.461908 0.000000,0.696467 -0.667663 0.000000,0.675379 -0.876513 0.000000,0.593513 -1.069804 0.000000,0.458182 -1.230268 0.000000,0.281475 -1.343573 0.000000,0.079176 -1.399596 0.000000,-0.130643 -1.393334 0.000000,-0.329240 -1.325346 0.000000,-0.498876 -1.201705 0.000000,-0.624396 -1.033455 0.000000,-0.694589 -0.835627 0.000000,-0.703185 -0.625890 0.000000,-0.649415 -0.422981 0.000000,-0.538083 -0.245025 0.000000,-0.379134 -0.107917 0.000000,-0.186767 -0.023906 0.000000,0.021837 -0.000496 0.000000,0.228041 -0.039777 0.000000,0.413427 -0.138242 0.000000,0.561435 -0.287094 0.000000,0.658843 -0.473038 0.000000,0.696951 -0.679462 0.000000,0.672354 -0.887929 0.000000,0.587249 -1.079815 0.000000,0.514171 -1.175317 0.000000,
0.010032 -0.000172 0.000000,0.215180 -0.042979 0.000000,0.392097 -0.155311 0.000000,0.518102 -0.322765 0.000000,0.577040 -0.523874 0.000000,0.561354 -0.732852 0.000000,0.473056 -0.922909 0.000000,0.323466 -1.069678 0.000000,0.131763 -1.154342 0.000000,-0.077477 -1.166046 0.000000,-0.277426 -1.103290 0.000000,-0.442452 -0.974120 0.000000,-0.551395 -0.795096 0.000000,-0.590289 -0.589170 0.000000,-0.554147 -0.382743 0.000000,-0.447603 -0.202281 0.000000,-0.284317 -0.070920 0.000000,-0.085223 -0.005500 0.000000,0.124154 -0.014410 0.000000,0.316971 -0.096507 0.000000,0.468506 -0.241266 0.000000,0.559334 -0.430127 0.000000,0.577807 -0.638878 0.000000,0.521560 -0.840755 0.000000,0.397801 -1.009876 0.000000,0.222399 -1.124560 0.000000,0.017841 -1.170102 0.000000,-0.189648 -1.140664 0.000000,-0.373466 -1.040020 0.000000,-0.458589 -0.955170 0.000000,
0.010031 -0.000201 0.000000,0.213195 -0.049918 0.000000,0.378428 -0.178157 0.000000,0.477010 -0.362625 0.000000,0.491806 -0.571260 0.000000,0.420242 -0.767794 0.000000,0.274759 -0.918067 0.000000,0.080645 -0.995957 0.000000,-0.128359 -0.987926 0.000000,-0.315923 -0.895369 0.000000,-0.449445 -0.734375 0.000000,-0.505716 -0.532929 0.000000,-0.474954 -0.326045 0.000000,-0.362506 -0.149685 0.000000,-0.187919 -0.034505 0.000000,0.018461 -0.000525 0.000000,0.220759 -0.053651 0.000000,0.383813 -0.184650 0.000000,0.479280 -0.370750 0.000000,0.490565 -0.579603 0.000000,0.415707 -0.774907 0.000000,0.267718 -0.922712 0.000000,0.072322 -0.997328 0.000000,-0.136518 -0.985784 0.000000,-0.322499 -0.890086 0.000000,-0.453295 -0.726870 0.000000,-0.506171 -0.524506 0.000000,-0.471935 -0.318168 0.000000,-0.356538 -0.143724 0.000000,-0.261382 -0.070426 0.000000,
0.012517 0.000000 0.000000,0.275367 0.000000 0.000000,0.538217 0.000000 0.000000,0.801067 0.000000 0.000000,1.063917 0.000000 0.000000,1.326767 0.000000 0.000000,1.589617 0.000000 0.000000,1.852467 0.000000 0.000000,2.115317 0.000000 0.000000,2.378167 0.000000 0.000000,2.641017 0.000000 0.000000,2.903867 0.000000 0.000000,3.166717 0.000000 0.000000,3.429567 0.000000 0.000000,3.692417 0.000000 0.000000,3.955267 0.000000 0.000000,4.218117 0.000000 0.000000,4.480967 0.000000 0.000000,4.743817 0.000000 0.000000,5.006667 0.000000 0.000000,5.269517 0.000000 0.000000,5.532367 0.000000 0.000000,5.795217 0.000000 0.000000,6.058067 0.000000 0.000000,6.320917 0.000000 0.000000,6.583767 0.000000 0.000000,6.846617 0.000000 0.000000,7.109467 0.000000 0.000000,7.372317 0.000000 0.000000,7.522517 0.000000 0.000000,
0.012517 0.000036 0.000000,0.275173 0.009045 0.000000,0.536816 0.033787 0.000000,0.796505 0.074174 0.000000,1.053305 0.130061 0.000000,1.306291 0.201246 0.000000,1.554554 0.287473 0.000000,1.797200 0.388431 0.000000,2.033355 0.503758 0.000000,2.262169 0.633038 0.000000,2.482820 0.775806 0.000000,2.694513 0.931548 0.000000,2.896486 1.099704 0.000000,3.088012 1.279668 0.000000,3.268402 1.470793 0.000000,3.437007 1.672392 0.000000,3.593219 1.883737 0.000000,3.736478 2.104070 0.000000,3.866267 2.332596 0.000000,3.982119 2.568494 0.000000,4.083617 2.810914 0.000000,4.170396 3.058985 0.000000,4.242143 3.311812 0.000000,4.298601 3.568487 0.000000,4.339566 3.828085 0.000000,4.364890 4.089673 0.000000,4.374484 4.352309 0.000000,4.368311 4.615047 0.000000,4.346395 4.876942 0.000000,4.326830 5.025855 0.000000,
0.012516 0.000072 0.000000,0.274592 0.018071 0.000000,0.532628 0.067314 0.000000,0.782913 0.147093 0.000000,1.021848 0.256261 0.000000,1.245996 0.393247 0.000000,1.452133 0.556081 0.000000,1.637294 0.742421 0.000000,1.798817 0.949588 0.000000,1.934378 1.174600 0.000000,2.042027 1.414223 0.000000,2.120216 1.665010 0.000000,2.167820 1.923353 0.000000,2.184156 2.185537 0.000000,2.168987 2.447792 0.000000,2.122533 2.706344 0.000000,2.045460 2.957476 0.000000,1.938878 3.197576 0.000000,1.804320 3.423189 0.000000,1.643721 3.631072 0.000000,1.459391 3.818235 0.000000,1.253980 3.981985 0.000000,1.030444 4.119967 0.000000,0.791997 4.230196 0.000000,0.542070 4.311089 0.000000,0.284255 4.361480 0.000000,0.022263 4.380645 0.000000,-0.240140 4.368308 0.000000,-0.499179 4.324648 0.000000,-0.644254 4.285858 0.000000,
0.012516 0.000107 0.000000,0.273625 0.027059 0.000000,0.525690 0.100322 0.000000,0.760566 0.217528 0.000000,0.970665 0.374891 0.000000,1.149196 0.567324 0.000000,1.290392 0.788612 0.000000,1.389689 1.031602 0.000000,1.443880 1.288443 0.000000,1.451213 1.550837 0.000000,1.411451 1.810304 0.000000,1.325879 2.058461 0.000000,1.197263 2.287288 0.000000,1.029757 2.489393 0.000000,0.828776 2.658243 0.000000,0.600812 2.788384 0.000000,0.353232 2.875610 0.000000,0.094036 2.917103 0.000000,-0.168401 2.911521 0.000000,-0.425598 2.859046 0.000000,-0.669246 2.761373 0.000000,-0.891471 2.621657 0.000000,-1.085092 2.444415 0.000000,-1.243853 2.235371 0.000000,-1.362624 2.001282 0.000000,-1.437568 1.749712 0.000000,-1.466262 1.488789 0.000000,-1.447780 1.226944 0.000000,-1.382718 0.972639 0.000000,-1.325376 0.833887 0.000000,
0.012516 0.000143 0.000000,0.272275 0.035992 0.000000,0.516067 0.132559 0.000000,0.729918 0.284308 0.000000,0.901568 0.482541 0.000000,1.021177 0.715894 0.000000,1.081890 0.970989 0.000000,1.080226 1.233205 0.000000,1.016280 1.487510 0.000000,0.893718 1.719325 0.000000,0.719566 1.915363 0.000000,0.503807 2.064386 0.000000,0.258808 2.157851 0.000000,-0.001385 2.190400 0.000000,-0.261857 2.160168 0.000000,-0.507678 2.068887 0.000000,-0.724755 1.921790 0.000000,-0.900645 1.727310 0.000000,-1.025265 1.496594 0.000000,-1.091471 1.242869 0.000000,-1.095469 0.980678 0.000000,-1.037029 0.725052 0.000000,-0.919501 0.490645 0.000000,-0.749622 0.290892 0.000000,-0.537130 0.137246 0.000000,-0.294207 0.038513 0.000000,-0.034777 0.000353 0.000000,0.226287 0.024955 0.000000,0.474021 0.110907 0.000000,0.604077 0.185809 0.000000,
0.012515 0.000179 0.000000,0.270545 0.044851 0.000000,0.503848 0.163781 0.000000,0.691585 0.346344 0.000000,0.816986 0.576234 0.000000,0.868848 0.832915 0.000000,0.842540 1.093457 0.000000,0.740412 1.334589 0.000000,0.571586 1.534770 0.000000,0.351142 1.676118 0.000000,0.098773 1.746008 0.000000,-0.162978 1.738196 0.000000,-0.410730 1.653380 0.000000,-0.622351 1.499137 0.000000,-0.778939 1.289244 0.000000,-0.866506 1.042451 0.000000,-0.877229 0.780803 0.000000,-0.810151 0.527672 0.000000,-0.671264 0.305670 0.000000,-0.472973 0.134628 0.000000,-0.232993 0.029823 0.000000,0.027241 0.000618 0.000000,0.284483 0.049622 0.000000,0.515753 0.172458 0.000000,0.700394 0.358153 0.000000,0.821912 0.590118 0.000000,0.869452 0.847635 0.000000,0.838767 1.107698 0.000000,0.732598 1.347079 0.000000,0.641433 1.466217 0.000000,
0.012515 0.000215 0.000000,0.268439 0.053617 0.000000,0.489145 0.193752 0.000000,0.646337 0.402653 0.000000,0.719862 0.653537 0.000000,0.700294 0.914239 0.000000,0.590142 1.151337 0.000000,0.403527 1.334432 0.000000,0.164375 1.440051 0.000000,-0.096653 1.454652 0.000000,-0.346092 1.376363 0.000000,-0.551962 1.215222 0.000000,-0.687869 0.991889 0.000000,-0.736390 0.734994 0.000000,-0.691303 0.477476 0.000000,-0.558389 0.252347 0.000000,-0.354688 0.088473 0.000000,-0.106317 0.006862 0.000000,0.154883 0.017977 0.000000,0.395423 0.120394 0.000000,0.584466 0.300981 0.000000,0.697773 0.536587 0.000000,0.720820 0.797006 0.000000,0.650650 1.048849 0.000000,0.496260 1.259829 0.000000,0.277445 1.402898 0.000000,0.022257 1.459712 0.000000,-0.236587 1.422988 0.000000,-0.465902 1.297434 0.000000,-0.572093 1.191583 0.000000,
0.012514 0.000250 0.000000,0.265962 0.062273 0.000000,0.472092 0.222252 0.000000,0.595074 0.452378 0.000000,0.613532 0.712651 0.000000,0.524256 0.957830 0.000000,0.342765 1.145296 0.000000,0.100606 1.242465 0.000000,-0.160129 1.232446 0.000000,-0.394117 1.116981 0.000000,-0.560687 0.916139 0.000000,-0.630884 0.664833 0.000000,-0.592509 0.406744 0.000000,-0.452229 0.186734 0.000000,-0.234431 0.043045 0.000000,0.023030 0.000654 0.000000,0.275399 0.066930 0.000000,0.478810 0.230352 0.000000,0.597905 0.462513 0.000000,0.611984 0.723060 0.000000,0.518598 0.966703 0.000000,0.333981 1.151091 0.000000,0.090222 1.244175 0.000000,-0.170307 1.229773 0.000000,-0.402320 1.110390 0.000000,-0.565490 0.906776 0.000000,-0.631452 0.654325 0.000000,-0.588742 0.396918 0.000000,-0.444784 0.179297 0.000000,-0.326077 0.087857 0.000000,
0.012517 -0.000036 0.000000,0.275173 -0.009045 0.000000,0.536816 -0.033787 0.000000,0.796505 -0.074174 0.000000,1.053305 -0.130061 0.000000,1.306291 -0.201246 0.000000,1.554554 -0.287473 0.000000,1.797200 -0.388431 0.000000,2.033355 -0.503758 0.000000,2.262169 -0.633038 0.000000,2.482820 -0.775806 0.000000,2.694513 -0.931548 0.000000,2.896486 -1.099704 0.000000,3.088012 -1.279668 0.000000,3.268402 -1.470793 0.000000,3.437007 -1.672392 0.000000,3.593219 -1.883737 0.000000,3.736478 -2.104070 0.000000,3.866267 -2.332596 0.000000,3.982119 -2.568494 0.000000,4.083617 -2.810914 0.000000,4.170396 -3.058985 0.000000,4.242143 -3.311812 0.000000,4.298601 -3.568487 0.000000,4.339566 -3.828085 0.000000,4.364890 -4.089673 0.000000,4.374484 -4.352309 0.000000,4.368311 -4.615047 0.000000,4.346395 -4.876942 0.000000,4.326830 -5.025855 0.000000,
0.012516 -0.000072 0.000000,0.274592 -0.018071 0.000000,0.532628 -0.067314 0.000000,0.782913 -0.147093 0.000000,1.021848 -0.256261 0.000000,1.245996 -0.393247 0.000000,1.452133 -0.556081 0.000000,1.637294 -0.742421 0.000000,1.798817 -0.949588 0.000000,1.934378 -1.174600 0.000000,2.042027 -1.414223 0.000000,2.120216 -1.665010 0.000000,2.167820 -1.923353 0.000000,2.184156 -2.185537 0.000000,2.168987 -2.447792 0.000000,2.122533 -2.706344 0.000000,2.045460 -2.957476 0.000000,1.938878 -3.197576 0.000000,1.804320 -3.423189 0.000000,1.643721 -3.631072 0.000000,1.459391 -3.818235 0.000000,1.253980 -3.981985 0.000000,1.030444 -4.119967 0.000000,0.791997 -4.230196 0.000000,0.542070 -4.311089 0.000000,0.284255 -4.361480 0.000000,0.022263 -4.380645 0.000000,-0.240140 -4.368308 0.000000,-0.499179 -4.324648 0.000000,-0.644254 -4.285858 0.000000,
0.012516 -0.000107 0.000000,0.273625 -0.027059 0.000000,0.525690 -0.100322 0.000000,0.760566 -0.217528 0.000000,0.970665 -0.374891 0.000000,1.149196 -0.567324 0.000000,1.290392 -0.788612 0.000000,1.389689 -1.031602 0.000000,1.443880 -1.288443 0.000000,1.451213 -1.550837 0.000000,1.411451 -1.810304 0.000000,1.325879 -2.058461 0.000000,1.197263 -2.287288 0.000000,1.029757 -2.489393 0.000000,0.828776 -2.658243 0.000000,0.600812 -2.788384 0.000000,0.353232 -2.875610 0.000000,0.094036 -2.917103 0.000000,-0.168401 -2.911521 0.000000,-0.425598 -2.859046 0.000000,-0.669246 -2.761373 0.000000,-0.891471 -2.621657 0.000000,-1.085092 -2.444415 0.000000,-1.243853 -2.235371 0.000000,-1.362624 -2.001282 0.000000,-1.437568 -1.749712 0.000000,-1.466262 -1.488789 0.000000,-1.447780 -1.226944 0.000000,-1.382718 -0.972639 0.000000,-1.325376 -0.833887 0.000000,
0.012516 -0.000143 0.000000,0.272275 -0.035992 0.000000,0.516067 -0.132559 0.000000,0.729918 -0.284308 0.000000,0.901568 -0.482541 0.000000,1.021177 -0.715894 0.000000,1.081890 -0.970989 0.000000,1.080226 -1.233205 0.000000,1.016280 -1.487510 0.000000,0.893718 -1.719325 0.000000,0.719566 -1.915363 0.000000,0.503807 -2.064386 0.000000,0.258808 -2.157851 0.000000,-0.001385 -2.190400 0.000000,-0.261857 -2.160168 0.000000,-0.507678 -2.068887 0.000000,-0.724755 -1.921790 0.000000,-0.900645 -1.727310 0.000000,-1.025265 -1.496594 0.000000,-1.091471 -1.242869 0.000000,-1.095469 -0.980678 0.000000,-1.037029 -0.725052 0.000000,-0.919501 -0.490645 0.000000,-0.749622 -0.290892 0.000000,-0.537130 -0.137246 0.000000,-0.294207 -0.038513 0.000000,-0.034777 -0.000353 0.000000,0.226287 -0.024955 0.000000,0.474021 -0.110907 0.000000,0.604077 -0.185809 0.000000,
0.012515 -0.000179 0.000000,0.270545 -0.044851 0.000000,0.503848 -0.163781 0.000000,0.691585 -0.346344 0.000000,0.816986 -0.576234 0.000000,0.868848 -0.832915 0.000000,0.842540 -1.093457 0.000000,0.740412 -1.334589 0.000000,0.571586 -1.534770 0.000000,0.351142 -1.676118 0.000000,0.098773 -1.746008 0.000000,-0.162978 -1.738196 0.000000,-0.410730 -1.653380 0.000000,-0.622351 -1.499137 0.000000,-0.778939 -1.289244 0.000000,-0.866506 -1.042451 0.000000,-0.877229 -0.780803 0.000000,-0.810151 -0.527672 0.000000,-0.671264 -0.305670 0.000000,-0.472973 -0.134628 0.000000,-0.232993 -0.029823 0.000000,0.027241 -0.000618 0.000000,0.284483 -0.049622 0.000000,0.515753 -0.172458 0.000000,0.700394 -0.358153 0.000000,0.821912 -0.590118 0.000000,0.869452 -0.847635 0.000000,0.838767 -1.107698 0.000000,0.732598 -1.347079 0.000000,0.641433 -1.466217 0.000000,
0.012515 -0.000215 0.000000,0.268439 -0.053617 0.000000,0.489145 -0.193752 0.000000,0.646337 -0.402653 0.000000,0.719862 -0.653537 0.000000,0.700294 -0.914239 0.000000,0.590142 -1.151337 0.000000,0.403527 -1.334432 0.000000,0.164375 -1.440051 0.000000,-0.096653 -1.454652 0.000000,-0.346092 -1.376363 0.000000,-0.551962 -1.215222 0.000000,-0.687869 -0.991889 0.000000,-0.736390 -0.734994 0.000000,-0.691303 -0.477476 0.000000,-0.558389 -0.252347 0.000000,-0.354688 -0.088473 0.000000,-0.106317 -0.006862 0.000000,0.154883 -0.017977 0.000000,0.395423 -0.120394 0.000000,0.584466 -0.300981 0.000000,0.697773 -0.536587 0.000000,0.720820 -0.797006 0.000000,0.650650 -1.048849 0.000000,0.496260 -1.259829 0.000000,0.277445 -1.402898 0.000000,0.022257 -1.459712 0.000000,-0.236587 -1.422988 0.000000,-0.465902 -1.297434 0.000000,-0.572093 -1.191583 0.000000,
0.012514 -0.000250 0.000000,0.265962 -0.062273 0.000000,0.472092 -0.222252 0.000000,0.595074 -0.452378 0.000000,0.613532 -0.712651 0.000000,0.524256 -0.957830 0.000000,0.342765 -1.145296 0.000000,0.100606 -1.242465 0.000000,-0.160129 -1.232446 0.000000,-0.394117 -1.116981 0.000000,-0.560687 -0.916139 0.000000,-0.630884 -0.664833 0.000000,-0.592509 -0.406744 0.000000,-0.452229 -0.186734 0.000000,-0.234431 -0.043045 0.000000,0.023030 -0.000654 0.000000,0.275399 -0.066930 0.000000,0.478810 -0.230352 0.000000,0.597905 -0.462513 0.000000,0.611984 -0.723060 0.000000,0.518598 -0.966703 0.000000,0.333981 -1.151091 0.000000,0.090222 -1.244175 0.000000,-0.170307 -1.229773 0.000000,-0.402320 -1.110390 0.000000,-0.565490 -0.906776 0.000000,-0.631452 -0.654325 0.000000,-0.588742 -0.396918 0.000000,-0.444784 -0.179297 0.000000,-0.326077 -0.087857 0.000000,
0.015000 0.000000 0.000000,0.330000 0.000000 0.000000,0.645000 0.000000 0.000000,0.960000 0.000000 0.000000,1.275000 0.000000 0.000000,1.590000 0.000000 0.000000,1.905000 0.000000 0.000000,2.220000 0.000000 0.000000,2.535000 0.000000 0.000000,2.850000 0.000000 0.000000,3.165000 0.000000 0.000000,3.480000 0.000000 0.000000,3.795000 0.000000 0.000000,4.110000 0.000000 0.000000,4.425000 0.000000 0.000000,4.740000 0.000000 0.000000,5.055000 0.000000 0.000000,5.370000 0.000000 0.000000,5.685000 0.000000 0.000000,6.000000 0.000000 0.000000,6.315000 0.000000 0.000000,6.630000 0.000000 0.000000,6.945000 0.000000 0.000000,7.260000 0.000000 0.000000,7.575000 0.000000 0.000000,7.890000 0.000000 0.000000,8.205000 0.000000 0.000000,8.520000 0.000000 0.000000,8.835000 0.000000 0.000000,9.015000 0.000000 0.000000,
0.015000 0.000043 0.000000,0.329768 0.010839 0.000000,0.643322 0.040491 0.000000,0.954533 0.088891 0.000000,1.262283 0.155865 0.000000,1.565462 0.241173 0.000000,1.862981 0.344508 0.000000,2.153768 0.465496 0.000000,2.436777 0.603704 0.000000,2.710988 0.758634 0.000000,2.975417 0.929727 0.000000,3.229110 1.116369 0.000000,3.471154 1.317887 0.000000,3.700680 1.533557 0.000000,3.916860 1.762602 0.000000,4.118916 2.004198 0.000000,4.306122 2.257475 0.000000,4.477803 2.521522 0.000000,4.633342 2.795388 0.000000,4.772180 3.078089 0.000000,4.893815 3.368606 0.000000,4.997811 3.665894 0.000000,5.083793 3.968883 0.000000,5.151452 4.276483 0.000000,5.200545 4.587586 0.000000,5.230894 4.901073 0.000000,5.242391 5.215816 0.000000,5.234993 5.530682 0.000000,5.208728 5.844538 0.000000,5.185283 6.022995 0.000000,
0.015000 0.000086 0.000000,0.329071 0.021656 0.000000,0.638302 0.080669 0.000000,0.938245 0.176277 0.000000,1.224585 0.307103 0.000000,1.493204 0.471268 0.000000,1.740239 0.666409 0.000000,1.962137 0.889719 0.000000,2.155706 1.137988 0.000000,2.318162 1.407644 0.000000,2.447169 1.694808 0.000000,2.540871 1.995351 0.000000,2.597921 2.304950 0.000000,2.617497 2.619152 0.000000,2.599319 2.933439 0.000000,2.543648 3.243289 0.000000,2.451284 3.544246 0.000000,2.323556 3.831981 0.000000,2.162301 4.102357 0.000000,1.969839 4.351485 0.000000,1.748937 4.575781 0.000000,1.502773 4.772019 0.000000,1.234887 4.937377 0.000000,0.949131 5.069476 0.000000,0.649617 5.166418 0.000000,0.340652 5.226806 0.000000,0.026680 5.249774 0.000000,-0.287784 5.234990 0.000000,-0.598217 5.182667 0.000000,-0.772075 5.136182 0.000000,
0.014999 0.000129 0.000000,0.327913 0.032428 0.000000,0.629988 0.120226 0.000000,0.911464 0.260686 0.000000,1.163247 0.449270 0.000000,1.377199 0.679883 0.000000,1.546408 0.945074 0.000000,1.665406 1.236274 0.000000,1.730348 1.544073 0.000000,1.739136 1.858526 0.000000,1.691486 2.169472 0.000000,1.588937 2.466864 0.000000,1.434802 2.741091 0.000000,1.234064 2.983293 0.000000,0.993207 3.185644 0.000000,0.720014 3.341605 0.000000,0.423314 3.446137 0.000000,0.112693 3.495862 0.000000,-0.201812 3.489173 0.000000,-0.510038 3.426287 0.000000,-0.802026 3.309235 0.000000,-1.068340 3.141800 0.000000,-1.300376 2.929392 0.000000,-1.490636 2.678874 0.000000,-1.632972 2.398341 0.000000,-1.722784 2.096859 0.000000,-1.757172 1.784168 0.000000,-1.735022 1.470373 0.000000,-1.657052 1.165613 0.000000,-1.588333 0.999332 0.000000,
0.014999 0.000171 0.000000,0.326295 0.043133 0.000000,0.618456 0.158859 0.000000,0.874735 0.340716 0.000000,1.080440 0.578278 0.000000,1.223781 0.857928 0.000000,1.296539 1.163636 0.000000,1.294545 1.477876 0.000000,1.217912 1.782635 0.000000,1.071034 2.060443 0.000000,0.862329 2.295375 0.000000,0.603763 2.473964 0.000000,0.310156 2.585973 0.000000,-0.001660 2.624980 0.000000,-0.313810 2.588749 0.000000,-0.608402 2.479358 0.000000,-0.868548 2.303077 0.000000,-1.079335 2.070012 0.000000,-1.228680 1.793522 0.000000,-1.308022 1.489457 0.000000,-1.312812 1.175247 0.000000,-1.242777 0.868904 0.000000,-1.101931 0.587989 0.000000,-0.898348 0.348606 0.000000,-0.643698 0.164476 0.000000,-0.352578 0.046154 0.000000,-0.041677 0.000424 0.000000,0.271183 0.029906 0.000000,0.568068 0.132911 0.000000,0.723927 0.222674 0.000000,
0.014998 0.000214 0.000000,0.324221 0.053749 0.000000,0.603812 0.196275 0.000000,0.828797 0.415060 0.000000,0.979077 0.690560 0.000000,1.041230 0.998167 0.000000,1.009702 1.310402 0.000000,0.887311 1.599374 0.000000,0.684989 1.839271 0.000000,0.420809 2.008663 0.000000,0.118370 2.092419 0.000000,-0.195313 2.083058 0.000000,-0.492219 1.981414 0.000000,-0.745827 1.796569 0.000000,-0.933482 1.545033 0.000000,-1.038422 1.249276 0.000000,-1.051273 0.935716 0.000000,-0.970887 0.632364 0.000000,-0.804444 0.366316 0.000000,-0.566812 0.161338 0.000000,-0.279219 0.035740 0.000000,0.032646 0.000741 0.000000,0.340925 0.059468 0.000000,0.618080 0.206674 0.000000,0.839354 0.429211 0.000000,0.984981 0.707199 0.000000,1.041953 1.015807 0.000000,1.005180 1.327468 0.000000,0.877947 1.614342 0.000000,0.768694 1.757118 0.000000,
0.014998 0.000257 0.000000,0.321697 0.064255 0.000000,0.586192 0.232193 0.000000,0.774571 0.482540 0.000000,0.862684 0.783200 0.000000,0.839234 1.095627 0.000000,0.707227 1.379765 0.000000,0.483587 1.599186 0.000000,0.196987 1.725760 0.000000,-0.115829 1.743258 0.000000,-0.414757 1.649437 0.000000,-0.661472 1.456325 0.000000,-0.824344 1.188681 0.000000,-0.882491 0.880819 0.000000,-0.828459 0.572208 0.000000,-0.669174 0.302414 0.000000,-0.425059 0.106026 0.000000,-0.127410 0.008223 0.000000,0.185612 0.021543 0.000000,0.473876 0.144280 0.000000,0.700425 0.360696 0.000000,0.836213 0.643047 0.000000,0.863832 0.955133 0.000000,0.779740 1.256943 0.000000,0.594720 1.509782 0.000000,0.332490 1.681236 0.000000,0.026672 1.749322 0.000000,-0.283527 1.705312 0.000000,-0.558337 1.554848 0.000000,-0.685598 1.427995 0.000000,
0.014997 0.000300 0.000000,0.318730 0.074628 0.000000,0.565756 0.266347 0.000000,0.713138 0.542131 0.000000,0.735257 0.854043 0.000000,0.628269 1.147865 0.000000,0.410770 1.372526 0.000000,0.120566 1.488973 0.000000,-0.191898 1.476966 0.000000,-0.472310 1.338592 0.000000,-0.671928 1.097903 0.000000,-0.756053 0.796737 0.000000,-0.710064 0.487443 0.000000,-0.541953 0.223782 0.000000,-0.280942 0.051585 0.000000,0.027599 0.000784 0.000000,0.330039 0.080209 0.000000,0.573807 0.276054 0.000000,0.716531 0.554277 0.000000,0.733403 0.866517 0.000000,0.621489 1.158499 0.000000,0.400243 1.379470 0.000000,0.108122 1.491022 0.000000,-0.204096 1.473763 0.000000,-0.482142 1.330694 0.000000,-0.677684 1.086683 0.000000,-0.756734 0.784144 0.000000,-0.705550 0.475667 0.000000,-0.533030 0.214870 0.000000,-0.390771 0.105287 0.000000,
0.015000 -0.000043 0.000000,0.329768 -0.010839 0.000000,0.643322 -0.040491 0.000000,0.954533 -0.088891 0.000000,1.262283 -0.155865 0.000000,1.565462 -0.241173 0.000000,1.862981 -0.344508 0.000000,2.153768 -0.465496 0.000000,2.436777 -0.603704 0.000000,2.710988 -0.758634 0.000000,2.975417 -0.929727 0.000000,3.229110 -1.116369 0.000000,3.471154 -1.317887 0.000000,3.700680 -1.533557 0.000000,3.916860 -1.762602 0.000000,4.118916 -2.004198 0.000000,4.306122 -2.257475 0.000000,4.477803 -2.521522 0.000000,4.633342 -2.795388 0.000000,4.772180 -3.078089 0.000000,4.893815 -3.368606 0.000000,4.997811 -3.665894 0.000000,5.083793 -3.968883 0.000000,5.151452 -4.276483 0.000000,5.200545 -4.587586 0.000000,5.230894 -4.901073 0.000000,5.242391 -5.215816 0.000000,5.234993 -5.530682 0.000000,5.208728 -5.844538 0.000000,5.185283 -6.022995 0.000000,
0.015000 -0.000086 0.000000,0.329071 -0.021656 0.000000,0.638302 -0.080669 0.000000,0.938245 -0.176277 0.000000,1.224585 -0.307103 0.000000,1.493204 -0.471268 0.000000,1.740239 -0.666409 0.000000,1.962137 -0.889719 0.000000,2.155706 -1.137988 0.000000,2.318162 -1.407644 0.000000,2.447169 -1.694808 0.000000,2.540871 -1.995351 0.000000,2.597921 -2.304950 0.000000,2.617497 -2.619152 0.000000,2.599319 -2.933439 0.000000,2.543648 -3.243289 0.000000,2.451284 -3.544246 0.000000,2.323556 -3.831981 0.000000,2.162301 -4.102357 0.000000,1.969839 -4.351485 0.000000,1.748937 -4.575781 0.000000,1.502773 -4.772019 0.000000,1.234887 -4.937377 0.000000,0.949131 -5.069476 0.000000,0.649617 -5.166418 0.000000,0.340652 -5.226806 0.000000,0.026680 -5.249774 0.000000,-0.287784 -5.234990 0.000000,-0.598217 -5.182667 0.000000,-0.772075 -5.136182 0.000000,
0.014999 -0.000129 0.000000,0.327913 -0.032428 0.000000,0.629988 -0.120226 0.000000,0.911464 -0.260686 0.000000,1.163247 -0.449270 0.000000,1.377199 -0.679883 0.000000,1.546408 -0.945074 0.000000,1.665406 -1.236274 0.000000,1.730348 -1.544073 0.000000,1.739136 -1.858526 0.000000,1.691486 -2.169472 0.000000,1.588937 -2.466864 0.000000,1.434802 -2.741091 0.000000,1.234064 -2.983293 0.000000,0.993207 -3.185644 0.000000,0.720014 -3.341605 0.000000,0.423314 -3.446137 0.000000,0.112693 -3.495862 0.000000,-0.201812 -3.489173 0.000000,-0.510038 -3.426287 0.000000,-0.802026 -3.309235 0.000000,-1.068340 -3.141800 0.000000,-1.300376 -2.929392 0.000000,-1.490636 -2.678874 0.000000,-1.632972 -2.398341 0.000000,-1.722784 -2.096859 0.000000,-1.757172 -1.784168 0.000000,-1.735022 -1.470373 0.000000,-1.657052 -1.165613 0.000000,-1.588333 -0.999332 0.000000,
0.014999 -0.000171 0.000000,0.326295 -0.043133 0.000000,0.618456 -0.158859 0.000000,0.874735 -0.340716 0.000000,1.080440 -0.578278 0.000000,1.223781 -0.857928 0.000000,1.296539 -1.163636 0.000000,1.294545 -1.477876 0.000000,1.217912 -1.782635 0.000000,1.071034 -2.060443 0.000000,0.862329 -2.295375 0.000000,0.603763 -2.473964 0.000000,0.310156 -2.585973 0.000000,-0.001660 -2.624980 0.000000,-0.313810 -2.588749 0.000000,-0.608402 -2.479358 0.000000,-0.868548 -2.303077 0.000000,-1.079335 -2.070012 0.000000,-1.228680 -1.793522 0.000000,-1.308022 -1.489457 0.000000,-1.312812 -1.175247 0.000000,-1.242777 -0.868904 0.000000,-1.101931 -0.587989 0.000000,-0.898348 -0.348606 0.000000,-0.643698 -0.164476 0.000000,-0.352578 -0.046154 0.000000,-0.041677 -0.000424 0.000000,0.271183 -0.029906 0.000000,0.568068 -0.132911 0.000000,0.723927 -0.222674 0.000000,
0.014998 -0.000214 0.000000,0.324221 -0.053749 0.000000,0.603812 -0.196275 0.000000,0.828797 -0.415060 0.000000,0.979077 -0.690560 0.000000,1.041230 -0.998167 0.000000,1.009702 -1.310402 0.000000,0.887311 -1.599374 0.000000,0.684989 -1.839271 0.000000,0.420809 -2.008663 0.000000,0.118370 -2.092419 0.000000,-0.195313 -2.083058 0.000000,-0.492219 -1.981414 0.000000,-0.745827 -1.796569 0.000000,-0.933482 -1.545033 0.000000,-1.038422 -1.249276 0.000000,-1.051273 -0.935716 0.000000,-0.970887 -0.632364 0.000000,-0.804444 -0.366316 0.000000,-0.566812 -0.161338 0.000000,-0.279219 -0.035740 0.000000,0.032646 -0.000741 0.000000,0.340925 -0.059468 0.000000,0.618080 -0.206674 0.000000,0.839354 -0.429211 0.000000,0.984981 -0.707199 0.000000,1.041953 -1.015807 0.000000,1.005180 -1.327468 0.000000,0.877947 -1.614342 0.000000,0.768694 -1.757118 0.000000,
0.014998 -0.000257 0.000000,0.321697 -0.064255 0.000000,0.586192 -0.232193 0.000000,0.774571 -0.482540 0.000000,0.862684 -0.783200 0.000000,0.839234 -1.095627 0.000000,0.707227 -1.379765 0.000000,0.483587 -1.599186 0.000000,0.196987 -1.725760 0.000000,-0.115829 -1.743258 0.000000,-0.414757 -1.649437 0.000000,-0.661472 -1.456325 0.000000,-0.824344 -1.188681 0.000000,-0.882491 -0.880819 0.000000,-0.828459 -0.572208 0.000000,-0.669174 -0.302414 0.000000,-0.425059 -0.106026 0.000000,-0.127410 -0.008223 0.000000,0.185612 -0.021543 0.000000,0.473876 -0.144280 0.000000,0.700425 -0.360696 0.000000,0.836213 -0.643047 0.000000,0.863832 -0.955133 0.000000,0.779740 -1.256943 0.000000,0.594720 -1.509782 0.000000,0.332490 -1.681236 0.000000,0.026672 -1.749322 0.000000,-0.283527 -1.705312 0.000000,-0.558337 -1.554848 0.000000,-0.685598 -1.427995 0.000000,
0.014997 -0.000300 0.000000,0.318730 -0.074628 0.000000,0.565756 -0.266347 0.000000,0.713138 -0.542131 0.000000,0.735257 -0.854043 0.000000,0.628269 -1.147865 0.000000,0.410770 -1.372526 0.000000,0.120566 -1.488973 0.000000,-0.191898 -1.476966 0.000000,-0.472310 -1.338592 0.000000,-0.671928 -1.097903 0.000000,-0.756053 -0.796737 0.000000,-0.710064 -0.487443 0.000000,-0.541953 -0.223782 0.000000,-0.280942 -0.051585 0.000000,0.027599 -0.000784 0.000000,0.330039 -0.080209 0.000000,0.573807 -0.276054 0.000000,0.716531 -0.554277 0.000000,0.733403 -0.866517 0.000000,0.621489 -1.158499 0.000000,0.400243 -1.379470 0.000000,0.108122 -1.491022 0.000000,-0.204096 -1.473763 0.000000,-0.482142 -1.330694 0.000000,-0.677684 -1.086683 0.000000,-0.756734 -0.784144 0.000000,-0.705550 -0.475667 0.000000,-0.533030 -0.214870 0.000000,-0.390771 -0.105287 0.000000,
